pilot_id,annotation_item_id,first_author,annotator_1,annotator_1_uncertain,annotator_2,annotator_2_uncertain
P01,R01297,MIXED,MIXED,,NEGATIVE,Y
P02,R02610,POSITIVE,UNCLEAR,,UNCLEAR,
P03,R01254,NEGATIVE,NEGATIVE,,NEGATIVE,
P04,R01039,NEGATIVE,NEUTRAL,,MIXED,Y
P05,R01331,MIXED,POSITIVE,,MIXED,Y
P06,R01564,MIXED,MIXED,,MIXED,
P07,R01619,NEGATIVE,NEGATIVE,,NEGATIVE,
P08,R01410,POSITIVE,MIXED,,MIXED,
P09,R01408,MIXED,MIXED,,MIXED,Y
P10,R00347,NEGATIVE,NEGATIVE,,NEGATIVE,
P11,R01814,MIXED,NEGATIVE,,NEGATIVE,
P12,R02750,NEGATIVE,NEGATIVE,,NEGATIVE,
P13,R01914,MIXED,MIXED,,MIXED,Y
P14,R00673,NEGATIVE,NEGATIVE,,NEGATIVE,
P15,R00861,MIXED,NEGATIVE,,NEGATIVE,
P16,R01673,MIXED,MIXED,,MIXED,Y
P17,R02185,NEGATIVE,NEGATIVE,,NEGATIVE,
P18,R01288,NEGATIVE,NEGATIVE,,NEGATIVE,
P19,R00307,MIXED,MIXED,,MIXED,
P20,R01515,POSITIVE,POSITIVE,,POSITIVE,
P21,R02624,MIXED,NEGATIVE,,NEGATIVE,
P22,R00786,NEGATIVE,NEGATIVE,,NEGATIVE,
P23,R02437,MIXED,NEGATIVE,,MIXED,Y
P24,R00929,MIXED,POSITIVE,,POSITIVE,
P25,R01445,NEGATIVE,NEGATIVE,,NEGATIVE,
P26,R00856,POSITIVE,MIXED,,MIXED,Y
P27,R01295,MIXED,NEGATIVE,,NEGATIVE,
P28,R01066,MIXED,NEGATIVE,,NEGATIVE,
P29,R00316,MIXED,NEGATIVE,,NEGATIVE,Y
P30,R01597,POSITIVE,POSITIVE,,MIXED,Y
P31,R01367,NEGATIVE,NEUTRAL,Y,NEUTRAL,
P32,R02699,NEGATIVE,NEGATIVE,,NEGATIVE,
P33,R02786,MIXED,NEGATIVE,,MIXED,Y
P34,R00060,NEGATIVE,NEGATIVE,,NEGATIVE,
P35,R01730,POSITIVE,NEUTRAL,,NEUTRAL,
P36,R01263,MIXED,NEGATIVE,,NEGATIVE,
P37,R01234,NEGATIVE,NEGATIVE,,NEGATIVE,
P38,R01474,MIXED,MIXED,,NEGATIVE,Y
P39,R01470,NEGATIVE,NEGATIVE,,NEGATIVE,
P40,R00050,MIXED,MIXED,,MIXED,Y
P41,R00619,MIXED,NEGATIVE,,NEGATIVE,
P42,R02929,MIXED,NEGATIVE,,NEGATIVE,
P43,R00115,MIXED,MIXED,,MIXED,
P44,R00362,MIXED,NEGATIVE,,NEGATIVE,
P45,R02608,MIXED,POSITIVE,,POSITIVE,Y
P46,R00094,POSITIVE,POSITIVE,,POSITIVE,
P47,R00719,POSITIVE,MIXED,,MIXED,Y
P48,R02842,MIXED,POSITIVE,,MIXED,
P49,R01635,MIXED,NEGATIVE,,NEGATIVE,
P50,R01755,POSITIVE,MIXED,,MIXED,
