item_id,ollama__llama3.1_8b,ollama__mistral,ollama__qwen3_8b,majority,unanimous
Slap_100,NEUTRAL,POSITIVE,NEUTRAL,NEUTRAL,False
Slap_1001,NEGATIVE,NEGATIVE,NEGATIVE,NEGATIVE,True
Slap_1008,NEGATIVE,NEGATIVE,NEGATIVE,NEGATIVE,True
Slap_101,NEUTRAL,NEUTRAL,NEUTRAL,NEUTRAL,True
Slap_1012,NEGATIVE,NEGATIVE,NEGATIVE,NEGATIVE,True
Slap_1015,MIXED,MIXED,MIXED,MIXED,True
Slap_1018,NEUTRAL,NEUTRAL,NEUTRAL,NEUTRAL,True
Slap_102,POSITIVE,POSITIVE,POSITIVE,POSITIVE,True
Slap_1020,NEGATIVE,NEGATIVE,NEGATIVE,NEGATIVE,True
Slap_1021,NEGATIVE,NEGATIVE,NEGATIVE,NEGATIVE,True
Slap_1022,NEGATIVE,NEGATIVE,NEGATIVE,NEGATIVE,True
Slap_1026,NEGATIVE,NEGATIVE,NEGATIVE,NEGATIVE,True
Slap_1028,NEGATIVE,NEGATIVE,NEUTRAL,NEGATIVE,False
Slap_103,NEGATIVE,NEGATIVE,NEGATIVE,NEGATIVE,True
Slap_1030,NEUTRAL,NEUTRAL,NEUTRAL,NEUTRAL,True
Slap_1036,NEGATIVE,NEGATIVE,NEGATIVE,NEGATIVE,True
Slap_1037,NEGATIVE,NEGATIVE,NEGATIVE,NEGATIVE,True
Slap_1038,NEGATIVE,NEGATIVE,MIXED,NEGATIVE,False
Slap_1039,NEGATIVE,NEGATIVE,NEUTRAL,NEGATIVE,False
Slap_104,NEUTRAL,NEUTRAL,NEUTRAL,NEUTRAL,True
Slap_1040,NEGATIVE,NEGATIVE,NEGATIVE,NEGATIVE,True
Slap_1041,NEGATIVE,NEGATIVE,NEGATIVE,NEGATIVE,True
Slap_1043,NEGATIVE,NEGATIVE,NEGATIVE,NEGATIVE,True
Slap_1046,NEGATIVE,NEGATIVE,NEGATIVE,NEGATIVE,True
Slap_1047,NEUTRAL,POSITIVE,NEUTRAL,NEUTRAL,False
Slap_1049,NEGATIVE,NEGATIVE,NEGATIVE,NEGATIVE,True
Slap_105,NEUTRAL,NEGATIVE,NEUTRAL,NEUTRAL,False
Slap_1050,NEGATIVE,NEGATIVE,NEGATIVE,NEGATIVE,True
Slap_1051,NEUTRAL,NEUTRAL,NEUTRAL,NEUTRAL,True
Slap_1052,NEUTRAL,NEUTRAL,NEUTRAL,NEUTRAL,True
Slap_1053,NEGATIVE,NEGATIVE,NEUTRAL,NEGATIVE,False
Slap_1054,NEUTRAL,NEUTRAL,NEUTRAL,NEUTRAL,True
Slap_1056,NEUTRAL,NEUTRAL,NEUTRAL,NEUTRAL,True
Slap_1057,NEUTRAL,NEUTRAL,NEUTRAL,NEUTRAL,True
Slap_1058,NEUTRAL,NEUTRAL,NEUTRAL,NEUTRAL,True
Slap_1060,NEUTRAL,NEUTRAL,NEUTRAL,NEUTRAL,True
Slap_1061,NEUTRAL,POSITIVE,NEUTRAL,NEUTRAL,False
Slap_1062,NEUTRAL,NEUTRAL,NEUTRAL,NEUTRAL,True
Slap_1063,NEUTRAL,NEUTRAL,POSITIVE,NEUTRAL,False
Slap_1064,NEUTRAL,NEUTRAL,NEUTRAL,NEUTRAL,True
Slap_1066,NEUTRAL,NEUTRAL,NEUTRAL,NEUTRAL,True
Slap_1067,NEUTRAL,NEUTRAL,UNCLEAR,NEUTRAL,False
Slap_1068,NEGATIVE,NEGATIVE,NEGATIVE,NEGATIVE,True
Slap_1069,NEGATIVE,NEGATIVE,NEGATIVE,NEGATIVE,True
Slap_107,NEGATIVE,NEGATIVE,NEGATIVE,NEGATIVE,True
Slap_1070,NEGATIVE,NEUTRAL,NEUTRAL,NEUTRAL,False
Slap_1071,NEUTRAL,NEUTRAL,POSITIVE,NEUTRAL,False
Slap_1072,NEUTRAL,NEUTRAL,POSITIVE,NEUTRAL,False
Slap_1074,NEUTRAL,NEUTRAL,NEUTRAL,NEUTRAL,True
Slap_1075,NEGATIVE,MIXED,NEGATIVE,NEGATIVE,False
Slap_1076,NEGATIVE,NEGATIVE,NEGATIVE,NEGATIVE,True
Slap_1078,NEUTRAL,POSITIVE,POSITIVE,POSITIVE,False
Slap_1079,NEGATIVE,NEGATIVE,NEUTRAL,NEGATIVE,False
Slap_108,NEGATIVE,NEGATIVE,NEGATIVE,NEGATIVE,True
Slap_1080,NEUTRAL,NEUTRAL,NEUTRAL,NEUTRAL,True
Slap_1082,NEGATIVE,NEGATIVE,NEGATIVE,NEGATIVE,True
Slap_1084,NEGATIVE,NEGATIVE,NEGATIVE,NEGATIVE,True
Slap_1085,NEGATIVE,NEGATIVE,NEGATIVE,NEGATIVE,True
Slap_1086,NEGATIVE,NEGATIVE,NEGATIVE,NEGATIVE,True
Slap_1087,NEGATIVE,NEGATIVE,NEGATIVE,NEGATIVE,True
Slap_1088,NEGATIVE,NEGATIVE,NEGATIVE,NEGATIVE,True
Slap_1089,NEGATIVE,NEGATIVE,NEGATIVE,NEGATIVE,True
Slap_109,NEGATIVE,NEGATIVE,NEGATIVE,NEGATIVE,True
Slap_1095,NEUTRAL,NEUTRAL,NEUTRAL,NEUTRAL,True
Slap_1097,NEGATIVE,NEGATIVE,NEGATIVE,NEGATIVE,True
Slap_1099,NEGATIVE,NEGATIVE,NEGATIVE,NEGATIVE,True
Slap_1101,NEGATIVE,NEGATIVE,NEGATIVE,NEGATIVE,True
Slap_1104,NEUTRAL,NEUTRAL,NEUTRAL,NEUTRAL,True
Slap_1105,NEGATIVE,NEGATIVE,NEUTRAL,NEGATIVE,False
Slap_1106,NEGATIVE,NEGATIVE,NEGATIVE,NEGATIVE,True
Slap_1107,UNCLEAR,UNCLEAR,UNCLEAR,UNCLEAR,True
Slap_111,NEGATIVE,NEGATIVE,NEGATIVE,NEGATIVE,True
Slap_1110,NEUTRAL,NEUTRAL,NEUTRAL,NEUTRAL,True
Slap_1112,NEGATIVE,NEGATIVE,NEUTRAL,NEGATIVE,False
Slap_1113,NEGATIVE,NEGATIVE,NEGATIVE,NEGATIVE,True
Slap_112,NEGATIVE,NEGATIVE,NEGATIVE,NEGATIVE,True
Slap_1120,NEUTRAL,NEUTRAL,NEUTRAL,NEUTRAL,True
Slap_1124,NEGATIVE,NEGATIVE,NEGATIVE,NEGATIVE,True
Slap_1126,NEGATIVE,NEGATIVE,NEGATIVE,NEGATIVE,True
Slap_1127,MIXED,MIXED,MIXED,MIXED,True
Slap_1128,NEUTRAL,NEUTRAL,NEUTRAL,NEUTRAL,True
Slap_1129,NEGATIVE,NEGATIVE,NEUTRAL,NEGATIVE,False
Slap_113,NEGATIVE,NEGATIVE,NEGATIVE,NEGATIVE,True
Slap_1130,NEGATIVE,NEGATIVE,NEGATIVE,NEGATIVE,True
Slap_1131,NEGATIVE,NEGATIVE,NEGATIVE,NEGATIVE,True
Slap_1138,NEGATIVE,NEGATIVE,NEGATIVE,NEGATIVE,True
Slap_1139,NEGATIVE,NEGATIVE,NEGATIVE,NEGATIVE,True
Slap_1140,NEGATIVE,NEGATIVE,NEGATIVE,NEGATIVE,True
Slap_1142,NEGATIVE,NEGATIVE,NEGATIVE,NEGATIVE,True
Slap_1143,NEGATIVE,NEGATIVE,NEGATIVE,NEGATIVE,True
Slap_1149,NEUTRAL,NEGATIVE,NEUTRAL,NEUTRAL,False
Slap_115,NEGATIVE,NEGATIVE,NEGATIVE,NEGATIVE,True
Slap_1152,NEGATIVE,NEGATIVE,NEGATIVE,NEGATIVE,True
Slap_1154,NEGATIVE,NEGATIVE,NEGATIVE,NEGATIVE,True
Slap_1159,NEGATIVE,NEGATIVE,NEGATIVE,NEGATIVE,True
Slap_116,NEUTRAL,MIXED,NEUTRAL,NEUTRAL,False
Slap_1163,NEGATIVE,NEGATIVE,NEUTRAL,NEGATIVE,False
Slap_1170,NEUTRAL,NEUTRAL,NEUTRAL,NEUTRAL,True
Slap_1171,POSITIVE,POSITIVE,POSITIVE,POSITIVE,True
Slap_1172,NEUTRAL,NEUTRAL,NEUTRAL,NEUTRAL,True
Slap_1173,NEUTRAL,NEUTRAL,NEUTRAL,NEUTRAL,True
Slap_1174,NEUTRAL,POSITIVE,NEUTRAL,NEUTRAL,False
Slap_1175,NEUTRAL,POSITIVE,NEUTRAL,NEUTRAL,False
Slap_1177,NEUTRAL,NEUTRAL,NEUTRAL,NEUTRAL,True
Slap_1179,NEGATIVE,NEGATIVE,NEGATIVE,NEGATIVE,True
Slap_1180,NEGATIVE,NEGATIVE,NEGATIVE,NEGATIVE,True
Slap_1182,NEGATIVE,NEGATIVE,NEGATIVE,NEGATIVE,True
Slap_1184,NEGATIVE,NEGATIVE,NEUTRAL,NEGATIVE,False
Slap_1186,NEGATIVE,NEGATIVE,NEGATIVE,NEGATIVE,True
Slap_1187,NEGATIVE,NEGATIVE,NEGATIVE,NEGATIVE,True
Slap_1189,NEGATIVE,NEGATIVE,NEUTRAL,NEGATIVE,False
Slap_1190,NEGATIVE,NEGATIVE,NEGATIVE,NEGATIVE,True
Slap_1191,NEUTRAL,NEUTRAL,NEUTRAL,NEUTRAL,True
Slap_1192,NEUTRAL,NEUTRAL,NEUTRAL,NEUTRAL,True
Slap_1193,NEGATIVE,NEGATIVE,NEUTRAL,NEGATIVE,False
Slap_1194,NEUTRAL,NEUTRAL,NEUTRAL,NEUTRAL,True
Slap_1196,NEGATIVE,NEGATIVE,NEGATIVE,NEGATIVE,True
Slap_1197,NEGATIVE,NEGATIVE,NEGATIVE,NEGATIVE,True
Slap_12,POSITIVE,POSITIVE,POSITIVE,POSITIVE,True
Slap_120,NEGATIVE,NEGATIVE,NEGATIVE,NEGATIVE,True
Slap_1201,NEGATIVE,NEGATIVE,NEUTRAL,NEGATIVE,False
Slap_1202,NEGATIVE,NEGATIVE,NEGATIVE,NEGATIVE,True
Slap_1204,NEGATIVE,NEGATIVE,NEGATIVE,NEGATIVE,True
Slap_1206,NEGATIVE,NEGATIVE,NEGATIVE,NEGATIVE,True
Slap_1208,NEGATIVE,NEGATIVE,NEGATIVE,NEGATIVE,True
Slap_1212,NEGATIVE,NEGATIVE,NEUTRAL,NEGATIVE,False
Slap_1213,NEGATIVE,NEGATIVE,NEUTRAL,NEGATIVE,False
Slap_1216,NEGATIVE,NEGATIVE,NEGATIVE,NEGATIVE,True
Slap_1221,NEGATIVE,NEGATIVE,NEGATIVE,NEGATIVE,True
Slap_1224,NEUTRAL,MIXED,NEGATIVE,NO_MAJORITY,False
Slap_1225,NEGATIVE,NEGATIVE,NEGATIVE,NEGATIVE,True
Slap_1226,NEUTRAL,NEUTRAL,NEUTRAL,NEUTRAL,True
Slap_1228,NEUTRAL,NEUTRAL,NEUTRAL,NEUTRAL,True
Slap_1236,NEGATIVE,NEGATIVE,NEGATIVE,NEGATIVE,True
Slap_1237,NEGATIVE,NEGATIVE,NEGATIVE,NEGATIVE,True
Slap_124,NEGATIVE,NEGATIVE,NEUTRAL,NEGATIVE,False
Slap_1252,NEGATIVE,NEUTRAL,NEUTRAL,NEUTRAL,False
Slap_1254,NEUTRAL,NEGATIVE,NEUTRAL,NEUTRAL,False
Slap_1255,NEUTRAL,NEUTRAL,NEUTRAL,NEUTRAL,True
Slap_1256,NEGATIVE,NEGATIVE,NEGATIVE,NEGATIVE,True
Slap_1258,NEUTRAL,NEGATIVE,NEGATIVE,NEGATIVE,False
Slap_1259,NEGATIVE,NEGATIVE,NEGATIVE,NEGATIVE,True
Slap_1263,NEUTRAL,NEGATIVE,NEUTRAL,NEUTRAL,False
Slap_1268,NEGATIVE,NEGATIVE,NEGATIVE,NEGATIVE,True
Slap_128,NEGATIVE,NEGATIVE,NEGATIVE,NEGATIVE,True
Slap_1283,NEUTRAL,MIXED,NEUTRAL,NEUTRAL,False
Slap_1284,NEUTRAL,NEGATIVE,NEUTRAL,NEUTRAL,False
Slap_1288,NEGATIVE,NEGATIVE,NEGATIVE,NEGATIVE,True
Slap_1289,NEUTRAL,NEUTRAL,NEUTRAL,NEUTRAL,True
Slap_1295,NEUTRAL,NEUTRAL,NEUTRAL,NEUTRAL,True
Slap_1299,NEGATIVE,NEUTRAL,NEUTRAL,NEUTRAL,False
Slap_13,POSITIVE,POSITIVE,POSITIVE,POSITIVE,True
Slap_130,NEGATIVE,NEGATIVE,NEGATIVE,NEGATIVE,True
Slap_1302,NEUTRAL,NEUTRAL,NEUTRAL,NEUTRAL,True
Slap_1308,NEGATIVE,NEUTRAL,NEUTRAL,NEUTRAL,False
Slap_1309,NEUTRAL,NEUTRAL,NEUTRAL,NEUTRAL,True
Slap_1310,NEUTRAL,NEUTRAL,NEUTRAL,NEUTRAL,True
Slap_1315,NEGATIVE,NEGATIVE,NEGATIVE,NEGATIVE,True
Slap_1316,NEUTRAL,NEGATIVE,NEUTRAL,NEUTRAL,False
Slap_132,NEGATIVE,NEGATIVE,NEGATIVE,NEGATIVE,True
Slap_1321,NEGATIVE,NEGATIVE,NEUTRAL,NEGATIVE,False
Slap_1322,NEGATIVE,NEGATIVE,NEGATIVE,NEGATIVE,True
Slap_1327,NEGATIVE,NEGATIVE,NEGATIVE,NEGATIVE,True
Slap_1329,POSITIVE,POSITIVE,NEUTRAL,POSITIVE,False
Slap_1330,NEUTRAL,NEUTRAL,POSITIVE,NEUTRAL,False
Slap_1332,NEGATIVE,NEGATIVE,NEGATIVE,NEGATIVE,True
Slap_1336,NEGATIVE,NEGATIVE,NEGATIVE,NEGATIVE,True
Slap_1338,NEGATIVE,NEGATIVE,NEGATIVE,NEGATIVE,True
Slap_1347,NEGATIVE,NEGATIVE,NEUTRAL,NEGATIVE,False
Slap_1348,NEGATIVE,NEGATIVE,NEGATIVE,NEGATIVE,True
Slap_1349,NEGATIVE,NEUTRAL,UNCLEAR,NO_MAJORITY,False
Slap_1351,NEGATIVE,NEGATIVE,NEGATIVE,NEGATIVE,True
Slap_1355,NEGATIVE,NEGATIVE,NEGATIVE,NEGATIVE,True
Slap_1357,NEGATIVE,NEGATIVE,NEGATIVE,NEGATIVE,True
Slap_1358,NEUTRAL,NEGATIVE,NEUTRAL,NEUTRAL,False
Slap_1361,NEGATIVE,NEGATIVE,NEGATIVE,NEGATIVE,True
Slap_1364,NEGATIVE,NEGATIVE,NEGATIVE,NEGATIVE,True
Slap_1365,NEGATIVE,NEGATIVE,NEGATIVE,NEGATIVE,True
Slap_1366,NEGATIVE,NEGATIVE,NEGATIVE,NEGATIVE,True
Slap_1369,NEUTRAL,NEUTRAL,UNCLEAR,NEUTRAL,False
Slap_1370,NEUTRAL,NEUTRAL,NEUTRAL,NEUTRAL,True
Slap_1372,NEGATIVE,NEGATIVE,NEGATIVE,NEGATIVE,True
Slap_1373,NEUTRAL,NEUTRAL,NEUTRAL,NEUTRAL,True
Slap_1374,NEGATIVE,NEGATIVE,NEGATIVE,NEGATIVE,True
Slap_1375,NEUTRAL,NEUTRAL,NEUTRAL,NEUTRAL,True
Slap_1376,NEGATIVE,NEGATIVE,NEGATIVE,NEGATIVE,True
Slap_1377,NEUTRAL,NEGATIVE,NEUTRAL,NEUTRAL,False
Slap_1378,NEGATIVE,NEGATIVE,NEGATIVE,NEGATIVE,True
Slap_1379,NEUTRAL,NEGATIVE,NEUTRAL,NEUTRAL,False
Slap_138,NEGATIVE,NEGATIVE,NEGATIVE,NEGATIVE,True
Slap_1383,NEGATIVE,NEGATIVE,NEGATIVE,NEGATIVE,True
Slap_1385,NEGATIVE,NEGATIVE,NEGATIVE,NEGATIVE,True
Slap_1391,NEGATIVE,NEGATIVE,NEGATIVE,NEGATIVE,True
Slap_1392,NEGATIVE,NEGATIVE,NEGATIVE,NEGATIVE,True
Slap_1393,NEGATIVE,NEGATIVE,NEGATIVE,NEGATIVE,True
Slap_1398,NEGATIVE,NEUTRAL,NEGATIVE,NEGATIVE,False
Slap_1399,NEGATIVE,NEGATIVE,NEGATIVE,NEGATIVE,True
Slap_14,NEUTRAL,NEUTRAL,NEUTRAL,NEUTRAL,True
Slap_140,NEGATIVE,NEGATIVE,NEGATIVE,NEGATIVE,True
Slap_1400,NEGATIVE,NEGATIVE,NEGATIVE,NEGATIVE,True
Slap_1401,NEGATIVE,NEGATIVE,NEGATIVE,NEGATIVE,True
Slap_1406,NEUTRAL,NEGATIVE,NEUTRAL,NEUTRAL,False
Slap_1407,NEGATIVE,NEGATIVE,NEGATIVE,NEGATIVE,True
Slap_1408,NEUTRAL,NEUTRAL,POSITIVE,NEUTRAL,False
Slap_1409,NEGATIVE,NEGATIVE,NEGATIVE,NEGATIVE,True
Slap_141,NEGATIVE,NEGATIVE,NEGATIVE,NEGATIVE,True
Slap_1410,NEGATIVE,NEGATIVE,NEGATIVE,NEGATIVE,True
Slap_1411,NEGATIVE,NEGATIVE,NEGATIVE,NEGATIVE,True
Slap_1412,NEUTRAL,NEGATIVE,NEUTRAL,NEUTRAL,False
Slap_1413,NEGATIVE,NEGATIVE,NEGATIVE,NEGATIVE,True
Slap_1414,NEGATIVE,NEGATIVE,NEGATIVE,NEGATIVE,True
Slap_1415,NEGATIVE,NEGATIVE,NEGATIVE,NEGATIVE,True
Slap_1417,NEGATIVE,NEGATIVE,NEGATIVE,NEGATIVE,True
Slap_1418,NEGATIVE,NEGATIVE,NEGATIVE,NEGATIVE,True
Slap_1419,NEGATIVE,NEGATIVE,NEGATIVE,NEGATIVE,True
Slap_142,NEGATIVE,NEUTRAL,NEGATIVE,NEGATIVE,False
Slap_1420,NEGATIVE,NEGATIVE,NEGATIVE,NEGATIVE,True
Slap_1423,NEGATIVE,NEUTRAL,NEGATIVE,NEGATIVE,False
Slap_1424,NEGATIVE,NEGATIVE,NEGATIVE,NEGATIVE,True
Slap_1425,NEGATIVE,NEGATIVE,NEGATIVE,NEGATIVE,True
Slap_1426,NEUTRAL,NEUTRAL,NEGATIVE,NEUTRAL,False
Slap_1427,POSITIVE,MIXED,NEGATIVE,NO_MAJORITY,False
Slap_1430,NEUTRAL,NEUTRAL,NEUTRAL,NEUTRAL,True
Slap_1432,NEUTRAL,NEUTRAL,NEUTRAL,NEUTRAL,True
Slap_1433,NEUTRAL,NEUTRAL,NEUTRAL,NEUTRAL,True
Slap_1434,NEGATIVE,NEGATIVE,NEGATIVE,NEGATIVE,True
Slap_1435,NEGATIVE,NEGATIVE,NEUTRAL,NEGATIVE,False
Slap_1436,NEUTRAL,NEUTRAL,NEUTRAL,NEUTRAL,True
Slap_1438,NEGATIVE,NEGATIVE,NEGATIVE,NEGATIVE,True
Slap_144,NEUTRAL,POSITIVE,NEUTRAL,NEUTRAL,False
Slap_1440,NEGATIVE,NEUTRAL,NEUTRAL,NEUTRAL,False
Slap_1441,NEGATIVE,NEGATIVE,NEGATIVE,NEGATIVE,True
Slap_1444,NEGATIVE,NEGATIVE,NEGATIVE,NEGATIVE,True
Slap_1446,NEGATIVE,NEGATIVE,NEGATIVE,NEGATIVE,True
Slap_1447,NEGATIVE,MIXED,MIXED,MIXED,False
Slap_1449,NEGATIVE,NEGATIVE,NEGATIVE,NEGATIVE,True
Slap_145,NEGATIVE,NEGATIVE,NEGATIVE,NEGATIVE,True
Slap_1450,NEUTRAL,POSITIVE,NEUTRAL,NEUTRAL,False
Slap_1454,NEUTRAL,NEGATIVE,NEGATIVE,NEGATIVE,False
Slap_1455,NEGATIVE,NEGATIVE,NEGATIVE,NEGATIVE,True
Slap_1457,NEGATIVE,NEGATIVE,NEGATIVE,NEGATIVE,True
Slap_1458,NEGATIVE,NEGATIVE,POSITIVE,NEGATIVE,False
Slap_1459,NEGATIVE,NEGATIVE,NEGATIVE,NEGATIVE,True
Slap_146,NEGATIVE,NEGATIVE,NEGATIVE,NEGATIVE,True
Slap_1467,NEGATIVE,NEGATIVE,NEGATIVE,NEGATIVE,True
Slap_1469,NEUTRAL,NEUTRAL,NEUTRAL,NEUTRAL,True
Slap_147,NEGATIVE,NEGATIVE,NEGATIVE,NEGATIVE,True
Slap_1470,NEGATIVE,NEGATIVE,NEGATIVE,NEGATIVE,True
Slap_1471,NEGATIVE,NEGATIVE,NEGATIVE,NEGATIVE,True
Slap_1472,NEGATIVE,NEGATIVE,NEGATIVE,NEGATIVE,True
Slap_1476,POSITIVE,POSITIVE,POSITIVE,POSITIVE,True
Slap_1479,POSITIVE,POSITIVE,POSITIVE,POSITIVE,True
Slap_1480,POSITIVE,POSITIVE,POSITIVE,POSITIVE,True
Slap_1481,POSITIVE,POSITIVE,POSITIVE,POSITIVE,True
Slap_1483,NEGATIVE,MIXED,POSITIVE,NO_MAJORITY,False
Slap_1484,NEUTRAL,NEUTRAL,NEUTRAL,NEUTRAL,True
Slap_1485,POSITIVE,POSITIVE,POSITIVE,POSITIVE,True
Slap_1487,POSITIVE,POSITIVE,POSITIVE,POSITIVE,True
Slap_1488,NEUTRAL,POSITIVE,NEUTRAL,NEUTRAL,False
Slap_1489,NEUTRAL,NEUTRAL,POSITIVE,NEUTRAL,False
Slap_1491,POSITIVE,POSITIVE,POSITIVE,POSITIVE,True
Slap_1492,POSITIVE,POSITIVE,POSITIVE,POSITIVE,True
Slap_1493,POSITIVE,POSITIVE,POSITIVE,POSITIVE,True
Slap_1494,POSITIVE,POSITIVE,POSITIVE,POSITIVE,True
Slap_1495,POSITIVE,POSITIVE,POSITIVE,POSITIVE,True
Slap_1496,NEUTRAL,NEGATIVE,POSITIVE,NO_MAJORITY,False
Slap_1497,POSITIVE,POSITIVE,POSITIVE,POSITIVE,True
Slap_15,POSITIVE,POSITIVE,POSITIVE,POSITIVE,True
Slap_150,POSITIVE,POSITIVE,POSITIVE,POSITIVE,True
Slap_1502,NEUTRAL,NEUTRAL,NEUTRAL,NEUTRAL,True
Slap_1504,NEUTRAL,NEUTRAL,NEUTRAL,NEUTRAL,True
Slap_151,POSITIVE,POSITIVE,POSITIVE,POSITIVE,True
Slap_1511,POSITIVE,POSITIVE,POSITIVE,POSITIVE,True
Slap_152,POSITIVE,POSITIVE,POSITIVE,POSITIVE,True
Slap_1524,NEUTRAL,NEUTRAL,NEUTRAL,NEUTRAL,True
Slap_1528,POSITIVE,POSITIVE,POSITIVE,POSITIVE,True
Slap_1529,POSITIVE,NEUTRAL,POSITIVE,POSITIVE,False
Slap_153,MIXED,MIXED,MIXED,MIXED,True
Slap_1530,POSITIVE,NEUTRAL,POSITIVE,POSITIVE,False
Slap_1531,POSITIVE,POSITIVE,POSITIVE,POSITIVE,True
Slap_1532,NEUTRAL,NEUTRAL,NEUTRAL,NEUTRAL,True
Slap_1534,NEUTRAL,NEUTRAL,NEUTRAL,NEUTRAL,True
Slap_1535,POSITIVE,POSITIVE,POSITIVE,POSITIVE,True
Slap_1538,POSITIVE,POSITIVE,POSITIVE,POSITIVE,True
Slap_154,NEUTRAL,MIXED,MIXED,MIXED,False
Slap_1540,POSITIVE,POSITIVE,POSITIVE,POSITIVE,True
Slap_1541,POSITIVE,NEUTRAL,POSITIVE,POSITIVE,False
Slap_1542,POSITIVE,POSITIVE,NEUTRAL,POSITIVE,False
Slap_1543,POSITIVE,POSITIVE,POSITIVE,POSITIVE,True
Slap_1545,POSITIVE,POSITIVE,POSITIVE,POSITIVE,True
Slap_1546,NEUTRAL,NEUTRAL,NEUTRAL,NEUTRAL,True
Slap_1548,POSITIVE,POSITIVE,POSITIVE,POSITIVE,True
Slap_1549,NEUTRAL,NEUTRAL,NEUTRAL,NEUTRAL,True
Slap_1551,NEUTRAL,NEUTRAL,NEUTRAL,NEUTRAL,True
Slap_1552,POSITIVE,POSITIVE,POSITIVE,POSITIVE,True
Slap_1553,POSITIVE,POSITIVE,POSITIVE,POSITIVE,True
Slap_1558,POSITIVE,POSITIVE,POSITIVE,POSITIVE,True
Slap_156,NEGATIVE,NEGATIVE,NEGATIVE,NEGATIVE,True
Slap_1561,POSITIVE,POSITIVE,POSITIVE,POSITIVE,True
Slap_1562,POSITIVE,POSITIVE,POSITIVE,POSITIVE,True
Slap_1564,POSITIVE,POSITIVE,POSITIVE,POSITIVE,True
Slap_1565,POSITIVE,POSITIVE,POSITIVE,POSITIVE,True
Slap_1566,NEUTRAL,POSITIVE,NEUTRAL,NEUTRAL,False
Slap_1567,POSITIVE,POSITIVE,POSITIVE,POSITIVE,True
Slap_1569,POSITIVE,POSITIVE,POSITIVE,POSITIVE,True
Slap_1570,POSITIVE,POSITIVE,POSITIVE,POSITIVE,True
Slap_1573,POSITIVE,POSITIVE,POSITIVE,POSITIVE,True
Slap_1574,POSITIVE,POSITIVE,POSITIVE,POSITIVE,True
Slap_1576,POSITIVE,POSITIVE,POSITIVE,POSITIVE,True
Slap_158,NEUTRAL,NEGATIVE,NEGATIVE,NEGATIVE,False
Slap_1580,POSITIVE,POSITIVE,POSITIVE,POSITIVE,True
Slap_1582,POSITIVE,POSITIVE,POSITIVE,POSITIVE,True
Slap_1587,POSITIVE,POSITIVE,POSITIVE,POSITIVE,True
Slap_1591,POSITIVE,POSITIVE,POSITIVE,POSITIVE,True
Slap_1592,POSITIVE,POSITIVE,POSITIVE,POSITIVE,True
Slap_1595,POSITIVE,POSITIVE,POSITIVE,POSITIVE,True
Slap_1596,NEUTRAL,MIXED,MIXED,MIXED,False
Slap_1597,NEUTRAL,NEGATIVE,NEUTRAL,NEUTRAL,False
Slap_1598,NEUTRAL,NEUTRAL,NEUTRAL,NEUTRAL,True
Slap_1599,NEUTRAL,MIXED,MIXED,MIXED,False
Slap_16,NEUTRAL,MIXED,NEUTRAL,NEUTRAL,False
Slap_160,POSITIVE,POSITIVE,POSITIVE,POSITIVE,True
Slap_1600,NEUTRAL,NEUTRAL,NEUTRAL,NEUTRAL,True
Slap_1601,NEUTRAL,NEUTRAL,NEUTRAL,NEUTRAL,True
Slap_1602,NEUTRAL,POSITIVE,POSITIVE,POSITIVE,False
Slap_1604,NEUTRAL,NEUTRAL,NEUTRAL,NEUTRAL,True
Slap_1606,NEGATIVE,NEGATIVE,NEGATIVE,NEGATIVE,True
Slap_161,NEGATIVE,POSITIVE,POSITIVE,POSITIVE,False
Slap_1610,POSITIVE,POSITIVE,POSITIVE,POSITIVE,True
Slap_1612,POSITIVE,POSITIVE,POSITIVE,POSITIVE,True
Slap_1613,NEUTRAL,NEUTRAL,POSITIVE,NEUTRAL,False
Slap_1614,POSITIVE,NEUTRAL,POSITIVE,POSITIVE,False
Slap_1616,POSITIVE,POSITIVE,POSITIVE,POSITIVE,True
Slap_1617,NEUTRAL,NEUTRAL,NEUTRAL,NEUTRAL,True
Slap_162,POSITIVE,POSITIVE,NEUTRAL,POSITIVE,False
Slap_1620,POSITIVE,NEUTRAL,NEGATIVE,NO_MAJORITY,False
Slap_1623,NEUTRAL,POSITIVE,POSITIVE,POSITIVE,False
Slap_1625,POSITIVE,POSITIVE,POSITIVE,POSITIVE,True
Slap_1626,NEUTRAL,NEGATIVE,NEUTRAL,NEUTRAL,False
Slap_1630,NEGATIVE,NEGATIVE,NEGATIVE,NEGATIVE,True
Slap_1632,NEUTRAL,NEGATIVE,NEGATIVE,NEGATIVE,False
Slap_1633,NEUTRAL,NEUTRAL,NEUTRAL,NEUTRAL,True
Slap_1638,NEUTRAL,POSITIVE,POSITIVE,POSITIVE,False
Slap_1639,POSITIVE,POSITIVE,POSITIVE,POSITIVE,True
Slap_1641,POSITIVE,NEGATIVE,NEGATIVE,NEGATIVE,False
Slap_1645,NEUTRAL,NEGATIVE,NEGATIVE,NEGATIVE,False
Slap_1646,NEUTRAL,POSITIVE,NEUTRAL,NEUTRAL,False
Slap_1647,POSITIVE,POSITIVE,POSITIVE,POSITIVE,True
Slap_1648,POSITIVE,POSITIVE,POSITIVE,POSITIVE,True
Slap_1649,NEUTRAL,NEUTRAL,NEUTRAL,NEUTRAL,True
Slap_1650,NEUTRAL,NEUTRAL,NEUTRAL,NEUTRAL,True
Slap_1651,NEUTRAL,NEUTRAL,NEUTRAL,NEUTRAL,True
Slap_1654,POSITIVE,POSITIVE,POSITIVE,POSITIVE,True
Slap_1657,NEUTRAL,POSITIVE,NEUTRAL,NEUTRAL,False
Slap_1658,NEUTRAL,POSITIVE,NEUTRAL,NEUTRAL,False
Slap_1659,NEUTRAL,POSITIVE,POSITIVE,POSITIVE,False
Slap_1660,NEUTRAL,NEUTRAL,NEUTRAL,NEUTRAL,True
Slap_1668,NEGATIVE,NEUTRAL,POSITIVE,NO_MAJORITY,False
Slap_1669,POSITIVE,POSITIVE,POSITIVE,POSITIVE,True
Slap_1674,POSITIVE,POSITIVE,POSITIVE,POSITIVE,True
Slap_1675,POSITIVE,NEUTRAL,NEUTRAL,NEUTRAL,False
Slap_1676,POSITIVE,POSITIVE,POSITIVE,POSITIVE,True
Slap_1682,POSITIVE,NEUTRAL,POSITIVE,POSITIVE,False
Slap_1684,NEUTRAL,NEUTRAL,NEUTRAL,NEUTRAL,True
Slap_1686,NEUTRAL,POSITIVE,POSITIVE,POSITIVE,False
Slap_1689,POSITIVE,POSITIVE,NEUTRAL,POSITIVE,False
Slap_169,NEGATIVE,NEGATIVE,NEUTRAL,NEGATIVE,False
Slap_1691,NEGATIVE,NEGATIVE,NEGATIVE,NEGATIVE,True
Slap_1694,POSITIVE,POSITIVE,POSITIVE,POSITIVE,True
Slap_1696,NEUTRAL,POSITIVE,POSITIVE,POSITIVE,False
Slap_1698,NEGATIVE,NEUTRAL,NEGATIVE,NEGATIVE,False
Slap_170,NEGATIVE,NEGATIVE,NEGATIVE,NEGATIVE,True
Slap_1701,NEUTRAL,NEUTRAL,NEUTRAL,NEUTRAL,True
Slap_1706,NEUTRAL,NEUTRAL,NEUTRAL,NEUTRAL,True
Slap_1707,POSITIVE,POSITIVE,POSITIVE,POSITIVE,True
Slap_171,NEGATIVE,NEGATIVE,NEGATIVE,NEGATIVE,True
Slap_1710,POSITIVE,POSITIVE,POSITIVE,POSITIVE,True
Slap_1713,POSITIVE,POSITIVE,POSITIVE,POSITIVE,True
Slap_1716,NEUTRAL,NEGATIVE,NEGATIVE,NEGATIVE,False
Slap_1717,NEUTRAL,NEUTRAL,NEUTRAL,NEUTRAL,True
Slap_1718,NEUTRAL,NEUTRAL,NEUTRAL,NEUTRAL,True
Slap_1722,NEUTRAL,NEUTRAL,NEUTRAL,NEUTRAL,True
Slap_1723,POSITIVE,POSITIVE,POSITIVE,POSITIVE,True
Slap_1724,NEUTRAL,POSITIVE,POSITIVE,POSITIVE,False
Slap_1727,NEUTRAL,NEUTRAL,NEUTRAL,NEUTRAL,True
Slap_1730,NEUTRAL,POSITIVE,POSITIVE,POSITIVE,False
Slap_1731,POSITIVE,NEUTRAL,POSITIVE,POSITIVE,False
Slap_1732,NEUTRAL,NEUTRAL,NEGATIVE,NEUTRAL,False
Slap_1733,NEGATIVE,NEGATIVE,NEUTRAL,NEGATIVE,False
Slap_1734,NEGATIVE,NEGATIVE,NEGATIVE,NEGATIVE,True
Slap_1738,NEUTRAL,NEUTRAL,NEUTRAL,NEUTRAL,True
Slap_1739,NEUTRAL,NEUTRAL,POSITIVE,NEUTRAL,False
Slap_174,NEGATIVE,NEGATIVE,NEGATIVE,NEGATIVE,True
Slap_1740,POSITIVE,POSITIVE,POSITIVE,POSITIVE,True
Slap_1742,NEUTRAL,NEUTRAL,NEUTRAL,NEUTRAL,True
Slap_1743,NEUTRAL,POSITIVE,NEUTRAL,NEUTRAL,False
Slap_1744,POSITIVE,POSITIVE,POSITIVE,POSITIVE,True
Slap_1745,NEUTRAL,MIXED,MIXED,MIXED,False
Slap_1746,POSITIVE,POSITIVE,POSITIVE,POSITIVE,True
Slap_1747,NEGATIVE,NEGATIVE,NEGATIVE,NEGATIVE,True
Slap_1748,NEGATIVE,NEGATIVE,NEGATIVE,NEGATIVE,True
Slap_1749,NEUTRAL,MIXED,NEUTRAL,NEUTRAL,False
Slap_1752,NEUTRAL,NEUTRAL,NEUTRAL,NEUTRAL,True
Slap_1757,POSITIVE,POSITIVE,POSITIVE,POSITIVE,True
Slap_1758,NEUTRAL,NEUTRAL,NEGATIVE,NEUTRAL,False
Slap_1764,NEUTRAL,POSITIVE,NEUTRAL,NEUTRAL,False
Slap_1765,POSITIVE,POSITIVE,POSITIVE,POSITIVE,True
Slap_1766,NEUTRAL,POSITIVE,POSITIVE,POSITIVE,False
Slap_1767,NEUTRAL,POSITIVE,POSITIVE,POSITIVE,False
Slap_1768,POSITIVE,POSITIVE,POSITIVE,POSITIVE,True
Slap_1769,POSITIVE,POSITIVE,POSITIVE,POSITIVE,True
Slap_1770,POSITIVE,POSITIVE,POSITIVE,POSITIVE,True
Slap_1771,NEUTRAL,NEUTRAL,NEUTRAL,NEUTRAL,True
Slap_1775,POSITIVE,POSITIVE,POSITIVE,POSITIVE,True
Slap_1776,POSITIVE,POSITIVE,POSITIVE,POSITIVE,True
Slap_1778,NEGATIVE,MIXED,MIXED,MIXED,False
Slap_1783,POSITIVE,POSITIVE,POSITIVE,POSITIVE,True
Slap_1792,NEUTRAL,NEUTRAL,NEUTRAL,NEUTRAL,True
Slap_1793,POSITIVE,POSITIVE,POSITIVE,POSITIVE,True
Slap_1794,POSITIVE,POSITIVE,POSITIVE,POSITIVE,True
Slap_1795,NEGATIVE,NEGATIVE,NEGATIVE,NEGATIVE,True
Slap_1796,NEUTRAL,NEUTRAL,NEUTRAL,NEUTRAL,True
Slap_1797,NEUTRAL,NEUTRAL,NEUTRAL,NEUTRAL,True
Slap_1798,NEGATIVE,NEGATIVE,NEGATIVE,NEGATIVE,True
Slap_1799,NEUTRAL,NEUTRAL,NEUTRAL,NEUTRAL,True
Slap_18,NEUTRAL,NEUTRAL,NEUTRAL,NEUTRAL,True
Slap_1801,NEUTRAL,NEUTRAL,NEUTRAL,NEUTRAL,True
Slap_1803,NEGATIVE,NEGATIVE,NEUTRAL,NEGATIVE,False
Slap_1804,NEGATIVE,MIXED,MIXED,MIXED,False
Slap_1805,NEUTRAL,NEUTRAL,NEUTRAL,NEUTRAL,True
Slap_1810,POSITIVE,POSITIVE,POSITIVE,POSITIVE,True
Slap_1811,NEUTRAL,NEUTRAL,MIXED,NEUTRAL,False
Slap_1812,POSITIVE,POSITIVE,POSITIVE,POSITIVE,True
Slap_1817,POSITIVE,POSITIVE,POSITIVE,POSITIVE,True
Slap_1818,POSITIVE,NEUTRAL,NEUTRAL,NEUTRAL,False
Slap_1819,NEUTRAL,POSITIVE,POSITIVE,POSITIVE,False
Slap_1824,NEGATIVE,NEGATIVE,NEGATIVE,NEGATIVE,True
Slap_1839,NEGATIVE,NEGATIVE,NEGATIVE,NEGATIVE,True
Slap_1842,NEGATIVE,NEGATIVE,NEGATIVE,NEGATIVE,True
Slap_1843,NEGATIVE,NEGATIVE,NEGATIVE,NEGATIVE,True
Slap_1844,NEGATIVE,NEGATIVE,NEGATIVE,NEGATIVE,True
Slap_1845,NEUTRAL,NEUTRAL,NEUTRAL,NEUTRAL,True
Slap_1846,NEGATIVE,NEGATIVE,NEGATIVE,NEGATIVE,True
Slap_1850,NEGATIVE,NEGATIVE,NEUTRAL,NEGATIVE,False
Slap_1852,NEUTRAL,NEUTRAL,NEUTRAL,NEUTRAL,True
Slap_1856,NEGATIVE,NEGATIVE,NEGATIVE,NEGATIVE,True
Slap_1858,POSITIVE,MIXED,POSITIVE,POSITIVE,False
Slap_1865,NEUTRAL,POSITIVE,NEUTRAL,NEUTRAL,False
Slap_1867,NEUTRAL,MIXED,NEUTRAL,NEUTRAL,False
Slap_1869,NEUTRAL,NEUTRAL,NEUTRAL,NEUTRAL,True
Slap_1872,NEGATIVE,NEGATIVE,NEGATIVE,NEGATIVE,True
Slap_1874,NEGATIVE,NEGATIVE,NEGATIVE,NEGATIVE,True
Slap_1876,NEUTRAL,NEUTRAL,NEUTRAL,NEUTRAL,True
Slap_1878,NEGATIVE,NEUTRAL,NEGATIVE,NEGATIVE,False
Slap_1879,NEGATIVE,NEGATIVE,NEGATIVE,NEGATIVE,True
Slap_1880,NEUTRAL,NEUTRAL,NEUTRAL,NEUTRAL,True
Slap_1885,NEGATIVE,NEGATIVE,NEGATIVE,NEGATIVE,True
Slap_1887,NEGATIVE,NEGATIVE,NEGATIVE,NEGATIVE,True
Slap_1888,NEGATIVE,NEGATIVE,NEGATIVE,NEGATIVE,True
Slap_1890,NEUTRAL,MIXED,NEGATIVE,NO_MAJORITY,False
Slap_1892,NEUTRAL,NEUTRAL,NEUTRAL,NEUTRAL,True
Slap_1893,NEGATIVE,NEGATIVE,NEGATIVE,NEGATIVE,True
Slap_1895,NEGATIVE,NEGATIVE,MIXED,NEGATIVE,False
Slap_19,NEUTRAL,POSITIVE,POSITIVE,POSITIVE,False
Slap_1902,NEGATIVE,NEGATIVE,NEGATIVE,NEGATIVE,True
Slap_1906,NEGATIVE,NEGATIVE,NEGATIVE,NEGATIVE,True
Slap_1909,NEUTRAL,NEUTRAL,NEUTRAL,NEUTRAL,True
Slap_191,NEGATIVE,NEGATIVE,NEGATIVE,NEGATIVE,True
Slap_1911,NEGATIVE,NEGATIVE,NEGATIVE,NEGATIVE,True
Slap_1912,NEGATIVE,NEGATIVE,NEGATIVE,NEGATIVE,True
Slap_1913,NEGATIVE,NEGATIVE,NEGATIVE,NEGATIVE,True
Slap_1921,NEGATIVE,NEGATIVE,NEGATIVE,NEGATIVE,True
Slap_1922,NEGATIVE,NEGATIVE,NEGATIVE,NEGATIVE,True
Slap_1923,NEGATIVE,NEGATIVE,NEGATIVE,NEGATIVE,True
Slap_1924,NEUTRAL,NEGATIVE,NEGATIVE,NEGATIVE,False
Slap_1925,NEGATIVE,NEGATIVE,NEGATIVE,NEGATIVE,True
Slap_1926,NEGATIVE,NEGATIVE,NEGATIVE,NEGATIVE,True
Slap_1928,NEUTRAL,NEGATIVE,NEGATIVE,NEGATIVE,False
Slap_1933,NEGATIVE,NEGATIVE,NEGATIVE,NEGATIVE,True
Slap_1936,NEGATIVE,NEGATIVE,NEGATIVE,NEGATIVE,True
Slap_1937,NEGATIVE,NEGATIVE,NEGATIVE,NEGATIVE,True
Slap_194,NEGATIVE,NEGATIVE,NEGATIVE,NEGATIVE,True
Slap_1942,NEGATIVE,NEGATIVE,NEGATIVE,NEGATIVE,True
Slap_1947,NEGATIVE,NEGATIVE,NEGATIVE,NEGATIVE,True
Slap_1948,NEGATIVE,NEGATIVE,NEGATIVE,NEGATIVE,True
Slap_1952,NEUTRAL,NEUTRAL,NEUTRAL,NEUTRAL,True
Slap_1953,NEGATIVE,NEGATIVE,NEGATIVE,NEGATIVE,True
Slap_1956,NEGATIVE,NEGATIVE,NEGATIVE,NEGATIVE,True
Slap_1958,POSITIVE,POSITIVE,POSITIVE,POSITIVE,True
Slap_1959,POSITIVE,NEUTRAL,POSITIVE,POSITIVE,False
Slap_1960,NEGATIVE,NEGATIVE,MIXED,NEGATIVE,False
Slap_1962,NEGATIVE,NEGATIVE,NEGATIVE,NEGATIVE,True
Slap_1963,NEGATIVE,NEGATIVE,NEGATIVE,NEGATIVE,True
Slap_1964,NEGATIVE,NEGATIVE,NEGATIVE,NEGATIVE,True
Slap_1966,NEGATIVE,NEGATIVE,NEGATIVE,NEGATIVE,True
Slap_1968,NEGATIVE,NEGATIVE,POSITIVE,NEGATIVE,False
Slap_1969,NEGATIVE,MIXED,NEUTRAL,NO_MAJORITY,False
Slap_1972,NEGATIVE,NEGATIVE,NEGATIVE,NEGATIVE,True
Slap_1973,NEGATIVE,NEUTRAL,NEGATIVE,NEGATIVE,False
Slap_1977,NEGATIVE,NEGATIVE,NEGATIVE,NEGATIVE,True
Slap_1980,NEGATIVE,NEGATIVE,NEGATIVE,NEGATIVE,True
Slap_1983,NEUTRAL,POSITIVE,NEUTRAL,NEUTRAL,False
Slap_1984,NEGATIVE,NEGATIVE,NEGATIVE,NEGATIVE,True
Slap_1985,NEGATIVE,NEGATIVE,NEGATIVE,NEGATIVE,True
Slap_1986,NEGATIVE,NEGATIVE,NEGATIVE,NEGATIVE,True
Slap_1987,NEGATIVE,NEGATIVE,NEGATIVE,NEGATIVE,True
Slap_1989,NEUTRAL,NEGATIVE,NEGATIVE,NEGATIVE,False
Slap_1992,NEGATIVE,NEGATIVE,NEGATIVE,NEGATIVE,True
Slap_1993,NEGATIVE,NEGATIVE,NEGATIVE,NEGATIVE,True
Slap_1995,NEUTRAL,POSITIVE,POSITIVE,POSITIVE,False
Slap_1996,NEUTRAL,NEUTRAL,NEUTRAL,NEUTRAL,True
Slap_1997,NEUTRAL,NEUTRAL,NEUTRAL,NEUTRAL,True
Slap_2000,NEUTRAL,NEUTRAL,NEUTRAL,NEUTRAL,True
Slap_2001,POSITIVE,POSITIVE,POSITIVE,POSITIVE,True
Slap_2003,NEGATIVE,NEGATIVE,NEGATIVE,NEGATIVE,True
Slap_2004,NEUTRAL,NEUTRAL,NEUTRAL,NEUTRAL,True
Slap_2005,POSITIVE,POSITIVE,POSITIVE,POSITIVE,True
Slap_2009,NEGATIVE,NEGATIVE,NEGATIVE,NEGATIVE,True
Slap_2010,NEGATIVE,NEGATIVE,NEGATIVE,NEGATIVE,True
Slap_2011,NEGATIVE,NEGATIVE,NEGATIVE,NEGATIVE,True
Slap_2015,NEGATIVE,NEGATIVE,NEGATIVE,NEGATIVE,True
Slap_2018,NEUTRAL,NEGATIVE,NEUTRAL,NEUTRAL,False
Slap_2020,NEGATIVE,NEGATIVE,NEGATIVE,NEGATIVE,True
Slap_2021,NEGATIVE,NEGATIVE,NEGATIVE,NEGATIVE,True
Slap_2022,NEGATIVE,NEGATIVE,NEGATIVE,NEGATIVE,True
Slap_2027,NEGATIVE,NEGATIVE,NEGATIVE,NEGATIVE,True
Slap_2030,NEGATIVE,NEGATIVE,NEGATIVE,NEGATIVE,True
Slap_2032,NEGATIVE,NEGATIVE,NEGATIVE,NEGATIVE,True
Slap_2033,NEGATIVE,NEGATIVE,NEGATIVE,NEGATIVE,True
Slap_2034,NEGATIVE,NEUTRAL,NEGATIVE,NEGATIVE,False
Slap_2035,NEGATIVE,MIXED,NEGATIVE,NEGATIVE,False
Slap_204,NEUTRAL,POSITIVE,NEUTRAL,NEUTRAL,False
Slap_2047,NEGATIVE,NEGATIVE,NEGATIVE,NEGATIVE,True
Slap_2049,NEGATIVE,NEGATIVE,NEGATIVE,NEGATIVE,True
Slap_205,NEUTRAL,POSITIVE,NEUTRAL,NEUTRAL,False
Slap_2050,NEGATIVE,NEGATIVE,NEGATIVE,NEGATIVE,True
Slap_2057,NEGATIVE,NEGATIVE,NEGATIVE,NEGATIVE,True
Slap_206,POSITIVE,POSITIVE,POSITIVE,POSITIVE,True
Slap_2063,NEGATIVE,NEGATIVE,NEGATIVE,NEGATIVE,True
Slap_2065,NEUTRAL,NEGATIVE,NEGATIVE,NEGATIVE,False
Slap_2067,NEGATIVE,NEGATIVE,NEGATIVE,NEGATIVE,True
Slap_2069,NEUTRAL,NEUTRAL,NEUTRAL,NEUTRAL,True
Slap_207,NEUTRAL,NEUTRAL,NEUTRAL,NEUTRAL,True
Slap_2070,NEGATIVE,NEGATIVE,NEGATIVE,NEGATIVE,True
Slap_2071,NEUTRAL,POSITIVE,NEUTRAL,NEUTRAL,False
Slap_2073,NEUTRAL,MIXED,NEUTRAL,NEUTRAL,False
Slap_2075,POSITIVE,POSITIVE,POSITIVE,POSITIVE,True
Slap_2076,POSITIVE,POSITIVE,POSITIVE,POSITIVE,True
Slap_2077,POSITIVE,POSITIVE,NEUTRAL,POSITIVE,False
Slap_208,NEUTRAL,NEUTRAL,NEUTRAL,NEUTRAL,True
Slap_2080,NEUTRAL,NEGATIVE,NEGATIVE,NEGATIVE,False
Slap_2081,POSITIVE,POSITIVE,POSITIVE,POSITIVE,True
Slap_2082,POSITIVE,POSITIVE,NEUTRAL,POSITIVE,False
Slap_2083,POSITIVE,POSITIVE,POSITIVE,POSITIVE,True
Slap_2084,NEUTRAL,NEUTRAL,NEUTRAL,NEUTRAL,True
Slap_2085,POSITIVE,POSITIVE,POSITIVE,POSITIVE,True
Slap_2086,NEGATIVE,MIXED,NEGATIVE,NEGATIVE,False
Slap_2088,NEUTRAL,POSITIVE,NEUTRAL,NEUTRAL,False
Slap_209,NEUTRAL,NEUTRAL,NEUTRAL,NEUTRAL,True
Slap_2090,POSITIVE,POSITIVE,POSITIVE,POSITIVE,True
Slap_2091,NEUTRAL,MIXED,NEUTRAL,NEUTRAL,False
Slap_2093,NEUTRAL,NEUTRAL,NEUTRAL,NEUTRAL,True
Slap_2095,POSITIVE,POSITIVE,NEUTRAL,POSITIVE,False
Slap_2096,NEUTRAL,MIXED,POSITIVE,NO_MAJORITY,False
Slap_2097,NEUTRAL,NEUTRAL,NEUTRAL,NEUTRAL,True
Slap_2100,NEUTRAL,NEUTRAL,NEUTRAL,NEUTRAL,True
Slap_2101,NEUTRAL,POSITIVE,POSITIVE,POSITIVE,False
Slap_2105,POSITIVE,POSITIVE,NEUTRAL,POSITIVE,False
Slap_2106,NEUTRAL,POSITIVE,POSITIVE,POSITIVE,False
Slap_2107,NEUTRAL,POSITIVE,NEUTRAL,NEUTRAL,False
Slap_2110,NEGATIVE,NEGATIVE,NEGATIVE,NEGATIVE,True
Slap_2111,NEUTRAL,POSITIVE,POSITIVE,POSITIVE,False
Slap_2112,NEUTRAL,NEUTRAL,NEUTRAL,NEUTRAL,True
Slap_2114,NEGATIVE,NEGATIVE,NEGATIVE,NEGATIVE,True
Slap_2117,NEUTRAL,NEUTRAL,NEUTRAL,NEUTRAL,True
Slap_2121,NEGATIVE,NEUTRAL,NEUTRAL,NEUTRAL,False
Slap_2124,NEUTRAL,POSITIVE,POSITIVE,POSITIVE,False
Slap_2128,POSITIVE,NEUTRAL,POSITIVE,POSITIVE,False
Slap_2129,POSITIVE,POSITIVE,NEUTRAL,POSITIVE,False
Slap_213,NEGATIVE,NEGATIVE,NEGATIVE,NEGATIVE,True
Slap_2130,NEUTRAL,NEUTRAL,POSITIVE,NEUTRAL,False
Slap_2132,NEUTRAL,POSITIVE,NEUTRAL,NEUTRAL,False
Slap_2133,POSITIVE,NEUTRAL,NEUTRAL,NEUTRAL,False
Slap_2134,POSITIVE,NEUTRAL,NEUTRAL,NEUTRAL,False
Slap_2137,POSITIVE,POSITIVE,POSITIVE,POSITIVE,True
Slap_2138,POSITIVE,POSITIVE,POSITIVE,POSITIVE,True
Slap_214,POSITIVE,POSITIVE,POSITIVE,POSITIVE,True
Slap_2140,POSITIVE,NEUTRAL,NEUTRAL,NEUTRAL,False
Slap_2141,POSITIVE,POSITIVE,POSITIVE,POSITIVE,True
Slap_2142,POSITIVE,POSITIVE,POSITIVE,POSITIVE,True
Slap_2143,POSITIVE,POSITIVE,POSITIVE,POSITIVE,True
Slap_2144,NEUTRAL,NEUTRAL,NEUTRAL,NEUTRAL,True
Slap_2146,NEUTRAL,POSITIVE,NEUTRAL,NEUTRAL,False
Slap_2149,NEUTRAL,NEUTRAL,NEUTRAL,NEUTRAL,True
Slap_2153,NEUTRAL,POSITIVE,NEUTRAL,NEUTRAL,False
Slap_2154,NEUTRAL,POSITIVE,NEUTRAL,NEUTRAL,False
Slap_2155,NEUTRAL,POSITIVE,NEUTRAL,NEUTRAL,False
Slap_2156,NEUTRAL,NEUTRAL,NEUTRAL,NEUTRAL,True
Slap_2157,POSITIVE,POSITIVE,POSITIVE,POSITIVE,True
Slap_2159,NEUTRAL,NEUTRAL,NEUTRAL,NEUTRAL,True
Slap_2160,NEUTRAL,NEUTRAL,NEUTRAL,NEUTRAL,True
Slap_2161,NEUTRAL,NEUTRAL,NEUTRAL,NEUTRAL,True
Slap_2166,POSITIVE,POSITIVE,POSITIVE,POSITIVE,True
Slap_2167,NEUTRAL,NEUTRAL,NEUTRAL,NEUTRAL,True
Slap_2168,POSITIVE,POSITIVE,POSITIVE,POSITIVE,True
Slap_2170,POSITIVE,NEUTRAL,POSITIVE,POSITIVE,False
Slap_2171,NEUTRAL,POSITIVE,NEUTRAL,NEUTRAL,False
Slap_2173,POSITIVE,POSITIVE,NEUTRAL,POSITIVE,False
Slap_2174,POSITIVE,POSITIVE,POSITIVE,POSITIVE,True
Slap_2181,POSITIVE,POSITIVE,NEGATIVE,POSITIVE,False
Slap_2182,POSITIVE,POSITIVE,POSITIVE,POSITIVE,True
Slap_2185,NEUTRAL,NEGATIVE,NEGATIVE,NEGATIVE,False
Slap_2187,POSITIVE,POSITIVE,POSITIVE,POSITIVE,True
Slap_2188,POSITIVE,POSITIVE,POSITIVE,POSITIVE,True
Slap_219,POSITIVE,POSITIVE,POSITIVE,POSITIVE,True
Slap_2196,POSITIVE,POSITIVE,POSITIVE,POSITIVE,True
Slap_22,NEUTRAL,POSITIVE,POSITIVE,POSITIVE,False
Slap_220,POSITIVE,POSITIVE,POSITIVE,POSITIVE,True
Slap_2202,POSITIVE,POSITIVE,POSITIVE,POSITIVE,True
Slap_2203,NEUTRAL,NEUTRAL,POSITIVE,NEUTRAL,False
Slap_2208,POSITIVE,NEUTRAL,POSITIVE,POSITIVE,False
Slap_2210,NEUTRAL,NEUTRAL,NEUTRAL,NEUTRAL,True
Slap_2211,POSITIVE,POSITIVE,POSITIVE,POSITIVE,True
Slap_2212,POSITIVE,POSITIVE,POSITIVE,POSITIVE,True
Slap_2213,NEUTRAL,POSITIVE,NEUTRAL,NEUTRAL,False
Slap_2214,POSITIVE,POSITIVE,POSITIVE,POSITIVE,True
Slap_2219,POSITIVE,POSITIVE,POSITIVE,POSITIVE,True
Slap_222,POSITIVE,NEUTRAL,NEUTRAL,NEUTRAL,False
Slap_2220,POSITIVE,POSITIVE,POSITIVE,POSITIVE,True
Slap_2221,NEUTRAL,NEUTRAL,NEUTRAL,NEUTRAL,True
Slap_2223,NEGATIVE,NEGATIVE,NEGATIVE,NEGATIVE,True
Slap_2225,NEUTRAL,NEUTRAL,NEUTRAL,NEUTRAL,True
Slap_2226,POSITIVE,POSITIVE,POSITIVE,POSITIVE,True
Slap_2227,POSITIVE,POSITIVE,POSITIVE,POSITIVE,True
Slap_223,POSITIVE,POSITIVE,POSITIVE,POSITIVE,True
Slap_2231,POSITIVE,POSITIVE,POSITIVE,POSITIVE,True
Slap_2233,POSITIVE,POSITIVE,POSITIVE,POSITIVE,True
Slap_2234,NEUTRAL,POSITIVE,POSITIVE,POSITIVE,False
Slap_2235,POSITIVE,POSITIVE,POSITIVE,POSITIVE,True
Slap_2236,NEUTRAL,POSITIVE,POSITIVE,POSITIVE,False
Slap_2238,POSITIVE,POSITIVE,POSITIVE,POSITIVE,True
Slap_2239,NEUTRAL,NEUTRAL,NEUTRAL,NEUTRAL,True
Slap_2242,POSITIVE,POSITIVE,POSITIVE,POSITIVE,True
Slap_2243,POSITIVE,POSITIVE,POSITIVE,POSITIVE,True
Slap_2246,POSITIVE,POSITIVE,POSITIVE,POSITIVE,True
Slap_2247,NEUTRAL,NEUTRAL,NEUTRAL,NEUTRAL,True
Slap_2248,NEUTRAL,POSITIVE,NEUTRAL,NEUTRAL,False
Slap_2250,POSITIVE,POSITIVE,POSITIVE,POSITIVE,True
Slap_2252,NEUTRAL,NEUTRAL,NEUTRAL,NEUTRAL,True
Slap_2254,POSITIVE,POSITIVE,POSITIVE,POSITIVE,True
Slap_2257,POSITIVE,POSITIVE,POSITIVE,POSITIVE,True
Slap_2258,POSITIVE,POSITIVE,POSITIVE,POSITIVE,True
Slap_2260,POSITIVE,POSITIVE,POSITIVE,POSITIVE,True
Slap_2261,POSITIVE,POSITIVE,POSITIVE,POSITIVE,True
Slap_2266,POSITIVE,POSITIVE,POSITIVE,POSITIVE,True
Slap_2267,POSITIVE,POSITIVE,POSITIVE,POSITIVE,True
Slap_227,NEUTRAL,NEUTRAL,NEUTRAL,NEUTRAL,True
Slap_2270,POSITIVE,POSITIVE,POSITIVE,POSITIVE,True
Slap_2271,NEUTRAL,NEUTRAL,NEUTRAL,NEUTRAL,True
Slap_2272,NEUTRAL,POSITIVE,NEUTRAL,NEUTRAL,False
Slap_2273,POSITIVE,POSITIVE,POSITIVE,POSITIVE,True
Slap_2274,NEUTRAL,POSITIVE,POSITIVE,POSITIVE,False
Slap_2275,NEUTRAL,POSITIVE,POSITIVE,POSITIVE,False
Slap_2276,NEUTRAL,NEUTRAL,NEUTRAL,NEUTRAL,True
Slap_2279,POSITIVE,POSITIVE,POSITIVE,POSITIVE,True
Slap_2281,NEUTRAL,NEUTRAL,NEUTRAL,NEUTRAL,True
Slap_2288,NEGATIVE,NEUTRAL,NEGATIVE,NEGATIVE,False
Slap_2290,POSITIVE,POSITIVE,POSITIVE,POSITIVE,True
Slap_2291,NEUTRAL,NEUTRAL,NEUTRAL,NEUTRAL,True
Slap_2292,POSITIVE,POSITIVE,POSITIVE,POSITIVE,True
Slap_2296,POSITIVE,NEGATIVE,POSITIVE,POSITIVE,False
Slap_2299,POSITIVE,POSITIVE,NEGATIVE,POSITIVE,False
Slap_23,POSITIVE,POSITIVE,POSITIVE,POSITIVE,True
Slap_2301,NEUTRAL,NEGATIVE,NEGATIVE,NEGATIVE,False
Slap_2303,POSITIVE,POSITIVE,POSITIVE,POSITIVE,True
Slap_2304,NEUTRAL,NEUTRAL,NEUTRAL,NEUTRAL,True
Slap_2305,POSITIVE,POSITIVE,POSITIVE,POSITIVE,True
Slap_2306,POSITIVE,POSITIVE,POSITIVE,POSITIVE,True
Slap_2307,POSITIVE,POSITIVE,POSITIVE,POSITIVE,True
Slap_2308,NEGATIVE,NEGATIVE,NEGATIVE,NEGATIVE,True
Slap_2311,POSITIVE,POSITIVE,POSITIVE,POSITIVE,True
Slap_2313,NEUTRAL,NEUTRAL,NEUTRAL,NEUTRAL,True
Slap_2314,POSITIVE,POSITIVE,POSITIVE,POSITIVE,True
Slap_2315,POSITIVE,POSITIVE,POSITIVE,POSITIVE,True
Slap_2318,POSITIVE,NEUTRAL,POSITIVE,POSITIVE,False
Slap_2319,NEUTRAL,NEUTRAL,NEUTRAL,NEUTRAL,True
Slap_2320,NEUTRAL,NEUTRAL,NEUTRAL,NEUTRAL,True
Slap_2322,POSITIVE,POSITIVE,POSITIVE,POSITIVE,True
Slap_2323,NEUTRAL,POSITIVE,POSITIVE,POSITIVE,False
Slap_2329,NEUTRAL,NEUTRAL,NEUTRAL,NEUTRAL,True
Slap_2331,NEUTRAL,NEUTRAL,NEUTRAL,NEUTRAL,True
Slap_2332,POSITIVE,POSITIVE,POSITIVE,POSITIVE,True
Slap_2333,NEUTRAL,NEUTRAL,NEUTRAL,NEUTRAL,True
Slap_2335,NEUTRAL,POSITIVE,POSITIVE,POSITIVE,False
Slap_2336,NEUTRAL,NEUTRAL,NEUTRAL,NEUTRAL,True
Slap_2337,NEUTRAL,POSITIVE,NEUTRAL,NEUTRAL,False
Slap_2338,POSITIVE,POSITIVE,NEUTRAL,POSITIVE,False
Slap_2339,POSITIVE,POSITIVE,POSITIVE,POSITIVE,True
Slap_2346,POSITIVE,POSITIVE,POSITIVE,POSITIVE,True
Slap_2347,NEUTRAL,NEUTRAL,NEUTRAL,NEUTRAL,True
Slap_2348,POSITIVE,POSITIVE,POSITIVE,POSITIVE,True
Slap_2349,POSITIVE,POSITIVE,POSITIVE,POSITIVE,True
Slap_235,POSITIVE,POSITIVE,POSITIVE,POSITIVE,True
Slap_2350,NEUTRAL,NEUTRAL,NEUTRAL,NEUTRAL,True
Slap_2351,POSITIVE,NEUTRAL,POSITIVE,POSITIVE,False
Slap_2352,NEUTRAL,NEUTRAL,NEUTRAL,NEUTRAL,True
Slap_2353,POSITIVE,POSITIVE,POSITIVE,POSITIVE,True
Slap_2357,POSITIVE,POSITIVE,POSITIVE,POSITIVE,True
Slap_2359,POSITIVE,POSITIVE,POSITIVE,POSITIVE,True
Slap_2360,POSITIVE,POSITIVE,POSITIVE,POSITIVE,True
Slap_2362,POSITIVE,POSITIVE,POSITIVE,POSITIVE,True
Slap_2368,POSITIVE,POSITIVE,POSITIVE,POSITIVE,True
Slap_237,POSITIVE,POSITIVE,POSITIVE,POSITIVE,True
Slap_2373,NEUTRAL,NEUTRAL,NEUTRAL,NEUTRAL,True
Slap_2377,NEUTRAL,MIXED,POSITIVE,NO_MAJORITY,False
Slap_2378,POSITIVE,POSITIVE,POSITIVE,POSITIVE,True
Slap_2380,NEUTRAL,NEUTRAL,POSITIVE,NEUTRAL,False
Slap_2381,POSITIVE,MIXED,MIXED,MIXED,False
Slap_2385,POSITIVE,POSITIVE,POSITIVE,POSITIVE,True
Slap_2386,NEGATIVE,NEUTRAL,NEUTRAL,NEUTRAL,False
Slap_2387,POSITIVE,POSITIVE,POSITIVE,POSITIVE,True
Slap_2388,POSITIVE,POSITIVE,POSITIVE,POSITIVE,True
Slap_2390,NEUTRAL,MIXED,NEUTRAL,NEUTRAL,False
Slap_2392,POSITIVE,POSITIVE,POSITIVE,POSITIVE,True
Slap_2393,POSITIVE,POSITIVE,POSITIVE,POSITIVE,True
Slap_2395,POSITIVE,POSITIVE,POSITIVE,POSITIVE,True
Slap_2398,POSITIVE,POSITIVE,POSITIVE,POSITIVE,True
Slap_240,POSITIVE,POSITIVE,POSITIVE,POSITIVE,True
Slap_2400,POSITIVE,POSITIVE,POSITIVE,POSITIVE,True
Slap_2401,NEGATIVE,NEUTRAL,NEUTRAL,NEUTRAL,False
Slap_2407,POSITIVE,POSITIVE,NEUTRAL,POSITIVE,False
Slap_2408,NEUTRAL,NEUTRAL,NEUTRAL,NEUTRAL,True
Slap_2409,NEUTRAL,NEUTRAL,NEUTRAL,NEUTRAL,True
Slap_2413,NEUTRAL,NEUTRAL,NEUTRAL,NEUTRAL,True
Slap_2414,NEUTRAL,POSITIVE,NEUTRAL,NEUTRAL,False
Slap_2415,NEUTRAL,NEUTRAL,NEUTRAL,NEUTRAL,True
Slap_2416,NEUTRAL,NEGATIVE,NEGATIVE,NEGATIVE,False
Slap_2417,NEGATIVE,NEUTRAL,NEUTRAL,NEUTRAL,False
Slap_2419,NEUTRAL,NEUTRAL,NEUTRAL,NEUTRAL,True
Slap_2420,NEUTRAL,NEUTRAL,NEUTRAL,NEUTRAL,True
Slap_2422,NEUTRAL,NEUTRAL,NEUTRAL,NEUTRAL,True
Slap_2424,POSITIVE,NEUTRAL,NEUTRAL,NEUTRAL,False
Slap_2426,NEUTRAL,MIXED,NEUTRAL,NEUTRAL,False
Slap_2430,NEUTRAL,NEUTRAL,NEUTRAL,NEUTRAL,True
Slap_2431,NEUTRAL,NEUTRAL,NEUTRAL,NEUTRAL,True
Slap_2433,NEUTRAL,NEUTRAL,NEUTRAL,NEUTRAL,True
Slap_2435,NEGATIVE,NEGATIVE,NEGATIVE,NEGATIVE,True
Slap_2436,NEGATIVE,NEGATIVE,NEGATIVE,NEGATIVE,True
Slap_2437,NEUTRAL,NEUTRAL,NEUTRAL,NEUTRAL,True
Slap_244,POSITIVE,POSITIVE,POSITIVE,POSITIVE,True
Slap_2440,NEUTRAL,NEUTRAL,NEUTRAL,NEUTRAL,True
Slap_2443,POSITIVE,POSITIVE,POSITIVE,POSITIVE,True
Slap_2447,POSITIVE,POSITIVE,POSITIVE,POSITIVE,True
Slap_2448,POSITIVE,POSITIVE,NEUTRAL,POSITIVE,False
Slap_245,POSITIVE,POSITIVE,POSITIVE,POSITIVE,True
Slap_2451,POSITIVE,POSITIVE,POSITIVE,POSITIVE,True
Slap_2452,POSITIVE,POSITIVE,POSITIVE,POSITIVE,True
Slap_2453,NEUTRAL,POSITIVE,NEUTRAL,NEUTRAL,False
Slap_2455,NEUTRAL,POSITIVE,MIXED,NO_MAJORITY,False
Slap_2456,NEUTRAL,POSITIVE,NEUTRAL,NEUTRAL,False
Slap_246,NEUTRAL,NEUTRAL,POSITIVE,NEUTRAL,False
Slap_2460,POSITIVE,POSITIVE,POSITIVE,POSITIVE,True
Slap_2462,NEUTRAL,POSITIVE,NEUTRAL,NEUTRAL,False
Slap_2463,NEUTRAL,NEUTRAL,NEUTRAL,NEUTRAL,True
Slap_2465,NEUTRAL,POSITIVE,NEUTRAL,NEUTRAL,False
Slap_2466,POSITIVE,POSITIVE,POSITIVE,POSITIVE,True
Slap_2469,POSITIVE,POSITIVE,POSITIVE,POSITIVE,True
Slap_2470,POSITIVE,POSITIVE,POSITIVE,POSITIVE,True
Slap_2471,POSITIVE,POSITIVE,POSITIVE,POSITIVE,True
Slap_2477,POSITIVE,POSITIVE,POSITIVE,POSITIVE,True
Slap_2478,POSITIVE,POSITIVE,POSITIVE,POSITIVE,True
Slap_2479,NEUTRAL,POSITIVE,NEUTRAL,NEUTRAL,False
Slap_248,NEGATIVE,NEGATIVE,NEGATIVE,NEGATIVE,True
Slap_2481,POSITIVE,NEUTRAL,POSITIVE,POSITIVE,False
Slap_2482,POSITIVE,POSITIVE,POSITIVE,POSITIVE,True
Slap_2485,NEUTRAL,NEUTRAL,NEUTRAL,NEUTRAL,True
Slap_2486,POSITIVE,POSITIVE,POSITIVE,POSITIVE,True
Slap_2487,NEUTRAL,POSITIVE,NEUTRAL,NEUTRAL,False
Slap_2488,NEUTRAL,NEUTRAL,NEUTRAL,NEUTRAL,True
Slap_2489,NEUTRAL,NEUTRAL,NEUTRAL,NEUTRAL,True
Slap_2490,POSITIVE,POSITIVE,NEGATIVE,POSITIVE,False
Slap_2491,NEUTRAL,NEUTRAL,NEUTRAL,NEUTRAL,True
Slap_2492,POSITIVE,POSITIVE,POSITIVE,POSITIVE,True
Slap_2494,NEUTRAL,POSITIVE,POSITIVE,POSITIVE,False
Slap_2495,NEGATIVE,NEGATIVE,NEGATIVE,NEGATIVE,True
Slap_2496,NEGATIVE,NEGATIVE,NEGATIVE,NEGATIVE,True
Slap_2497,NEUTRAL,NEUTRAL,NEUTRAL,NEUTRAL,True
Slap_2498,NEGATIVE,NEUTRAL,NEUTRAL,NEUTRAL,False
Slap_25,POSITIVE,MIXED,POSITIVE,POSITIVE,False
Slap_2500,POSITIVE,POSITIVE,NEUTRAL,POSITIVE,False
Slap_2501,POSITIVE,POSITIVE,NEUTRAL,POSITIVE,False
Slap_2503,POSITIVE,POSITIVE,POSITIVE,POSITIVE,True
Slap_2504,NEUTRAL,POSITIVE,NEUTRAL,NEUTRAL,False
Slap_2505,POSITIVE,POSITIVE,POSITIVE,POSITIVE,True
Slap_2506,NEUTRAL,POSITIVE,POSITIVE,POSITIVE,False
Slap_2507,NEUTRAL,NEUTRAL,NEUTRAL,NEUTRAL,True
Slap_2508,NEUTRAL,NEUTRAL,NEUTRAL,NEUTRAL,True
Slap_2509,POSITIVE,POSITIVE,POSITIVE,POSITIVE,True
Slap_251,NEGATIVE,MIXED,MIXED,MIXED,False
Slap_2510,POSITIVE,POSITIVE,POSITIVE,POSITIVE,True
Slap_2511,NEUTRAL,POSITIVE,NEUTRAL,NEUTRAL,False
Slap_2512,NEUTRAL,POSITIVE,POSITIVE,POSITIVE,False
Slap_2515,POSITIVE,POSITIVE,POSITIVE,POSITIVE,True
Slap_2516,POSITIVE,POSITIVE,POSITIVE,POSITIVE,True
Slap_2517,POSITIVE,POSITIVE,POSITIVE,POSITIVE,True
Slap_2518,NEUTRAL,NEUTRAL,NEUTRAL,NEUTRAL,True
Slap_2524,NEUTRAL,NEUTRAL,POSITIVE,NEUTRAL,False
Slap_2526,POSITIVE,POSITIVE,POSITIVE,POSITIVE,True
Slap_2529,POSITIVE,POSITIVE,POSITIVE,POSITIVE,True
Slap_253,NEGATIVE,NEGATIVE,NEGATIVE,NEGATIVE,True
Slap_2531,POSITIVE,POSITIVE,POSITIVE,POSITIVE,True
Slap_2532,NEGATIVE,NEGATIVE,NEGATIVE,NEGATIVE,True
Slap_2534,POSITIVE,POSITIVE,POSITIVE,POSITIVE,True
Slap_2537,NEUTRAL,POSITIVE,POSITIVE,POSITIVE,False
Slap_2539,POSITIVE,POSITIVE,POSITIVE,POSITIVE,True
Slap_2540,POSITIVE,POSITIVE,POSITIVE,POSITIVE,True
Slap_2541,POSITIVE,POSITIVE,POSITIVE,POSITIVE,True
Slap_2547,POSITIVE,POSITIVE,POSITIVE,POSITIVE,True
Slap_2548,POSITIVE,POSITIVE,POSITIVE,POSITIVE,True
Slap_2549,POSITIVE,POSITIVE,POSITIVE,POSITIVE,True
Slap_255,NEGATIVE,NEGATIVE,NEGATIVE,NEGATIVE,True
Slap_2550,NEUTRAL,POSITIVE,POSITIVE,POSITIVE,False
Slap_2553,NEGATIVE,NEGATIVE,NEGATIVE,NEGATIVE,True
Slap_2558,NEGATIVE,NEUTRAL,NEUTRAL,NEUTRAL,False
Slap_2561,NEUTRAL,NEUTRAL,NEUTRAL,NEUTRAL,True
Slap_2563,POSITIVE,NEUTRAL,NEUTRAL,NEUTRAL,False
Slap_2564,NEGATIVE,NEGATIVE,NEGATIVE,NEGATIVE,True
Slap_2565,NEUTRAL,POSITIVE,NEUTRAL,NEUTRAL,False
Slap_2568,POSITIVE,POSITIVE,POSITIVE,POSITIVE,True
Slap_2571,POSITIVE,POSITIVE,POSITIVE,POSITIVE,True
Slap_2572,NEUTRAL,POSITIVE,NEUTRAL,NEUTRAL,False
Slap_2573,NEUTRAL,NEUTRAL,NEUTRAL,NEUTRAL,True
Slap_2574,POSITIVE,POSITIVE,POSITIVE,POSITIVE,True
Slap_2575,NEUTRAL,NEUTRAL,NEUTRAL,NEUTRAL,True
Slap_2576,POSITIVE,POSITIVE,NEUTRAL,POSITIVE,False
Slap_2577,NEUTRAL,NEUTRAL,NEGATIVE,NEUTRAL,False
Slap_2578,NEUTRAL,MIXED,NEUTRAL,NEUTRAL,False
Slap_2581,POSITIVE,POSITIVE,POSITIVE,POSITIVE,True
Slap_2583,NEUTRAL,NEUTRAL,NEUTRAL,NEUTRAL,True
Slap_2584,NEUTRAL,NEUTRAL,NEUTRAL,NEUTRAL,True
Slap_2585,POSITIVE,POSITIVE,POSITIVE,POSITIVE,True
Slap_2587,NEUTRAL,NEGATIVE,NEGATIVE,NEGATIVE,False
Slap_2588,NEGATIVE,NEGATIVE,NEGATIVE,NEGATIVE,True
Slap_259,NEGATIVE,NEGATIVE,NEGATIVE,NEGATIVE,True
Slap_2592,POSITIVE,NEUTRAL,MIXED,NO_MAJORITY,False
Slap_2593,NEUTRAL,NEUTRAL,NEUTRAL,NEUTRAL,True
Slap_2594,POSITIVE,POSITIVE,POSITIVE,POSITIVE,True
Slap_2595,POSITIVE,POSITIVE,POSITIVE,POSITIVE,True
Slap_2596,NEUTRAL,NEUTRAL,NEUTRAL,NEUTRAL,True
Slap_2597,NEUTRAL,MIXED,NEUTRAL,NEUTRAL,False
Slap_26,POSITIVE,POSITIVE,POSITIVE,POSITIVE,True
Slap_260,NEGATIVE,NEGATIVE,NEGATIVE,NEGATIVE,True
Slap_2600,NEUTRAL,POSITIVE,NEUTRAL,NEUTRAL,False
Slap_2602,POSITIVE,POSITIVE,POSITIVE,POSITIVE,True
Slap_2603,POSITIVE,POSITIVE,POSITIVE,POSITIVE,True
Slap_2605,NEUTRAL,NEUTRAL,NEUTRAL,NEUTRAL,True
Slap_2610,POSITIVE,POSITIVE,POSITIVE,POSITIVE,True
Slap_2611,POSITIVE,NEUTRAL,NEUTRAL,NEUTRAL,False
Slap_2612,POSITIVE,POSITIVE,POSITIVE,POSITIVE,True
Slap_2617,POSITIVE,POSITIVE,POSITIVE,POSITIVE,True
Slap_2619,POSITIVE,POSITIVE,POSITIVE,POSITIVE,True
Slap_2620,NEUTRAL,MIXED,POSITIVE,NO_MAJORITY,False
Slap_2621,POSITIVE,POSITIVE,POSITIVE,POSITIVE,True
Slap_2622,POSITIVE,NEUTRAL,POSITIVE,POSITIVE,False
Slap_2624,POSITIVE,POSITIVE,POSITIVE,POSITIVE,True
Slap_2625,NEUTRAL,POSITIVE,NEUTRAL,NEUTRAL,False
Slap_2626,POSITIVE,POSITIVE,POSITIVE,POSITIVE,True
Slap_2627,NEUTRAL,NEUTRAL,NEUTRAL,NEUTRAL,True
Slap_2631,NEUTRAL,POSITIVE,NEUTRAL,NEUTRAL,False
Slap_2632,NEUTRAL,NEUTRAL,NEUTRAL,NEUTRAL,True
Slap_2636,POSITIVE,POSITIVE,MIXED,POSITIVE,False
Slap_2637,NEUTRAL,NEUTRAL,NEUTRAL,NEUTRAL,True
Slap_264,NEGATIVE,NEGATIVE,NEGATIVE,NEGATIVE,True
Slap_2644,POSITIVE,POSITIVE,POSITIVE,POSITIVE,True
Slap_2645,POSITIVE,POSITIVE,POSITIVE,POSITIVE,True
Slap_2647,NEUTRAL,NEUTRAL,NEUTRAL,NEUTRAL,True
Slap_2649,NEUTRAL,POSITIVE,NEUTRAL,NEUTRAL,False
Slap_265,NEUTRAL,NEUTRAL,NEUTRAL,NEUTRAL,True
Slap_2653,MIXED,MIXED,MIXED,MIXED,True
Slap_2654,POSITIVE,POSITIVE,POSITIVE,POSITIVE,True
Slap_2655,POSITIVE,POSITIVE,POSITIVE,POSITIVE,True
Slap_2656,POSITIVE,POSITIVE,POSITIVE,POSITIVE,True
Slap_2660,NEUTRAL,NEGATIVE,MIXED,NO_MAJORITY,False
Slap_2666,NEGATIVE,NEGATIVE,NEGATIVE,NEGATIVE,True
Slap_2668,NEGATIVE,NEGATIVE,NEGATIVE,NEGATIVE,True
Slap_2669,NEGATIVE,NEUTRAL,NEUTRAL,NEUTRAL,False
Slap_267,NEGATIVE,NEUTRAL,NEGATIVE,NEGATIVE,False
Slap_2671,NEUTRAL,NEUTRAL,NEUTRAL,NEUTRAL,True
Slap_2672,NEUTRAL,POSITIVE,NEUTRAL,NEUTRAL,False
Slap_2673,NEUTRAL,POSITIVE,NEUTRAL,NEUTRAL,False
Slap_2674,NEGATIVE,MIXED,NEGATIVE,NEGATIVE,False
Slap_2675,NEGATIVE,MIXED,NEGATIVE,NEGATIVE,False
Slap_2676,NEUTRAL,NEUTRAL,NEUTRAL,NEUTRAL,True
Slap_2677,NEUTRAL,NEUTRAL,NEUTRAL,NEUTRAL,True
Slap_2679,NEGATIVE,NEUTRAL,NEUTRAL,NEUTRAL,False
Slap_2680,NEUTRAL,POSITIVE,POSITIVE,POSITIVE,False
Slap_2682,NEUTRAL,NEUTRAL,NEUTRAL,NEUTRAL,True
Slap_2684,NEUTRAL,NEUTRAL,NEUTRAL,NEUTRAL,True
Slap_2686,NEGATIVE,NEGATIVE,NEGATIVE,NEGATIVE,True
Slap_2689,NEGATIVE,NEGATIVE,NEGATIVE,NEGATIVE,True
Slap_2690,NEGATIVE,NEGATIVE,NEGATIVE,NEGATIVE,True
Slap_2692,NEGATIVE,NEUTRAL,NEGATIVE,NEGATIVE,False
Slap_2694,NEUTRAL,POSITIVE,POSITIVE,POSITIVE,False
Slap_2696,NEUTRAL,NEUTRAL,NEUTRAL,NEUTRAL,True
Slap_2697,NEGATIVE,NEGATIVE,NEGATIVE,NEGATIVE,True
Slap_2698,NEUTRAL,NEUTRAL,NEUTRAL,NEUTRAL,True
Slap_27,POSITIVE,NEUTRAL,POSITIVE,POSITIVE,False
Slap_2701,POSITIVE,POSITIVE,POSITIVE,POSITIVE,True
Slap_2702,NEUTRAL,POSITIVE,NEUTRAL,NEUTRAL,False
Slap_2704,NEUTRAL,POSITIVE,NEUTRAL,NEUTRAL,False
Slap_2705,NEUTRAL,NEUTRAL,NEUTRAL,NEUTRAL,True
Slap_2706,NEGATIVE,NEUTRAL,NEUTRAL,NEUTRAL,False
Slap_2707,NEUTRAL,NEUTRAL,NEUTRAL,NEUTRAL,True
Slap_2708,NEGATIVE,NEUTRAL,NEUTRAL,NEUTRAL,False
Slap_2709,NEGATIVE,NEGATIVE,NEGATIVE,NEGATIVE,True
Slap_271,NEGATIVE,NEGATIVE,NEGATIVE,NEGATIVE,True
Slap_2710,NEUTRAL,POSITIVE,POSITIVE,POSITIVE,False
Slap_2711,NEUTRAL,MIXED,NEUTRAL,NEUTRAL,False
Slap_2713,POSITIVE,POSITIVE,POSITIVE,POSITIVE,True
Slap_2718,NEGATIVE,NEGATIVE,NEGATIVE,NEGATIVE,True
Slap_2719,NEGATIVE,NEGATIVE,NEGATIVE,NEGATIVE,True
Slap_2722,POSITIVE,POSITIVE,POSITIVE,POSITIVE,True
Slap_2723,POSITIVE,POSITIVE,POSITIVE,POSITIVE,True
Slap_2724,NEUTRAL,MIXED,POSITIVE,NO_MAJORITY,False
Slap_2725,NEGATIVE,NEGATIVE,NEUTRAL,NEGATIVE,False
Slap_2727,NEGATIVE,NEGATIVE,NEGATIVE,NEGATIVE,True
Slap_2728,NEGATIVE,NEGATIVE,NEGATIVE,NEGATIVE,True
Slap_273,NEGATIVE,NEGATIVE,NEGATIVE,NEGATIVE,True
Slap_2731,NEGATIVE,NEGATIVE,NEGATIVE,NEGATIVE,True
Slap_2734,NEGATIVE,NEGATIVE,NEGATIVE,NEGATIVE,True
Slap_2735,NEGATIVE,NEGATIVE,NEGATIVE,NEGATIVE,True
Slap_2736,NEGATIVE,NEGATIVE,NEGATIVE,NEGATIVE,True
Slap_2738,NEUTRAL,NEUTRAL,NEUTRAL,NEUTRAL,True
Slap_274,NEGATIVE,NEGATIVE,NEGATIVE,NEGATIVE,True
Slap_2740,NEUTRAL,POSITIVE,NEUTRAL,NEUTRAL,False
Slap_2741,NEGATIVE,NEGATIVE,NEGATIVE,NEGATIVE,True
Slap_2745,NEGATIVE,NEGATIVE,NEGATIVE,NEGATIVE,True
Slap_2747,POSITIVE,POSITIVE,POSITIVE,POSITIVE,True
Slap_2748,NEUTRAL,POSITIVE,NEUTRAL,NEUTRAL,False
Slap_2749,POSITIVE,POSITIVE,POSITIVE,POSITIVE,True
Slap_275,NEGATIVE,NEGATIVE,NEGATIVE,NEGATIVE,True
Slap_2751,POSITIVE,POSITIVE,POSITIVE,POSITIVE,True
Slap_2752,NEUTRAL,POSITIVE,NEUTRAL,NEUTRAL,False
Slap_2753,POSITIVE,NEUTRAL,POSITIVE,POSITIVE,False
Slap_2754,POSITIVE,POSITIVE,NEUTRAL,POSITIVE,False
Slap_2755,POSITIVE,POSITIVE,POSITIVE,POSITIVE,True
Slap_2756,POSITIVE,POSITIVE,POSITIVE,POSITIVE,True
Slap_2757,POSITIVE,POSITIVE,POSITIVE,POSITIVE,True
Slap_2759,POSITIVE,POSITIVE,POSITIVE,POSITIVE,True
Slap_2760,POSITIVE,POSITIVE,POSITIVE,POSITIVE,True
Slap_2761,NEUTRAL,NEUTRAL,NEUTRAL,NEUTRAL,True
Slap_2762,NEUTRAL,MIXED,MIXED,MIXED,False
Slap_2763,NEUTRAL,NEUTRAL,NEUTRAL,NEUTRAL,True
Slap_2764,NEUTRAL,NEUTRAL,NEUTRAL,NEUTRAL,True
Slap_2765,NEUTRAL,NEUTRAL,NEUTRAL,NEUTRAL,True
Slap_2766,NEUTRAL,NEUTRAL,NEUTRAL,NEUTRAL,True
Slap_2768,NEUTRAL,NEUTRAL,NEUTRAL,NEUTRAL,True
Slap_277,NEGATIVE,NEGATIVE,NEGATIVE,NEGATIVE,True
Slap_2773,NEGATIVE,NEGATIVE,NEUTRAL,NEGATIVE,False
Slap_2775,NEUTRAL,NEUTRAL,NEUTRAL,NEUTRAL,True
Slap_2776,NEUTRAL,POSITIVE,POSITIVE,POSITIVE,False
Slap_2777,POSITIVE,POSITIVE,POSITIVE,POSITIVE,True
Slap_2778,NEUTRAL,MIXED,MIXED,MIXED,False
Slap_278,NEGATIVE,NEGATIVE,NEGATIVE,NEGATIVE,True
Slap_2780,NEGATIVE,NEGATIVE,NEGATIVE,NEGATIVE,True
Slap_2781,NEGATIVE,NEGATIVE,NEGATIVE,NEGATIVE,True
Slap_2782,MIXED,NEGATIVE,NEGATIVE,NEGATIVE,False
Slap_2783,NEGATIVE,NEGATIVE,NEGATIVE,NEGATIVE,True
Slap_2784,NEUTRAL,NEUTRAL,NEUTRAL,NEUTRAL,True
Slap_2785,NEGATIVE,NEGATIVE,NEGATIVE,NEGATIVE,True
Slap_2786,NEUTRAL,NEUTRAL,NEUTRAL,NEUTRAL,True
Slap_2787,POSITIVE,POSITIVE,POSITIVE,POSITIVE,True
Slap_2789,POSITIVE,POSITIVE,POSITIVE,POSITIVE,True
Slap_2791,NEUTRAL,POSITIVE,POSITIVE,POSITIVE,False
Slap_2792,NEUTRAL,NEUTRAL,NEUTRAL,NEUTRAL,True
Slap_2795,NEGATIVE,NEGATIVE,NEGATIVE,NEGATIVE,True
Slap_2796,NEGATIVE,NEGATIVE,NEGATIVE,NEGATIVE,True
Slap_2797,NEGATIVE,NEGATIVE,NEGATIVE,NEGATIVE,True
Slap_280,NEUTRAL,NEGATIVE,NEGATIVE,NEGATIVE,False
Slap_2805,NEUTRAL,MIXED,NEGATIVE,NO_MAJORITY,False
Slap_2806,NEGATIVE,NEGATIVE,NEGATIVE,NEGATIVE,True
Slap_2807,NEGATIVE,NEGATIVE,NEGATIVE,NEGATIVE,True
Slap_2808,NEGATIVE,NEGATIVE,NEGATIVE,NEGATIVE,True
Slap_2809,NEGATIVE,MIXED,NEGATIVE,NEGATIVE,False
Slap_2811,POSITIVE,POSITIVE,POSITIVE,POSITIVE,True
Slap_2812,POSITIVE,POSITIVE,POSITIVE,POSITIVE,True
Slap_2813,NEUTRAL,NEUTRAL,NEUTRAL,NEUTRAL,True
Slap_2814,NEUTRAL,MIXED,POSITIVE,NO_MAJORITY,False
Slap_2819,MIXED,MIXED,MIXED,MIXED,True
Slap_2820,POSITIVE,POSITIVE,POSITIVE,POSITIVE,True
Slap_2821,NEGATIVE,NEUTRAL,NEUTRAL,NEUTRAL,False
Slap_2823,POSITIVE,POSITIVE,POSITIVE,POSITIVE,True
Slap_2824,POSITIVE,POSITIVE,POSITIVE,POSITIVE,True
Slap_2827,NEUTRAL,POSITIVE,NEUTRAL,NEUTRAL,False
Slap_2828,POSITIVE,POSITIVE,POSITIVE,POSITIVE,True
Slap_2830,NEUTRAL,NEUTRAL,NEUTRAL,NEUTRAL,True
Slap_2833,NEUTRAL,NEUTRAL,POSITIVE,NEUTRAL,False
Slap_2836,NEGATIVE,NEGATIVE,NEGATIVE,NEGATIVE,True
Slap_2837,NEGATIVE,NEGATIVE,NEGATIVE,NEGATIVE,True
Slap_2839,NEGATIVE,NEGATIVE,NEGATIVE,NEGATIVE,True
Slap_2843,POSITIVE,POSITIVE,POSITIVE,POSITIVE,True
Slap_2845,NEUTRAL,NEUTRAL,NEUTRAL,NEUTRAL,True
Slap_2846,NEUTRAL,POSITIVE,POSITIVE,POSITIVE,False
Slap_285,NEGATIVE,NEGATIVE,NEGATIVE,NEGATIVE,True
Slap_2851,NEGATIVE,NEGATIVE,NEGATIVE,NEGATIVE,True
Slap_2853,NEGATIVE,NEGATIVE,NEGATIVE,NEGATIVE,True
Slap_2854,NEGATIVE,NEGATIVE,NEGATIVE,NEGATIVE,True
Slap_2858,NEUTRAL,NEUTRAL,NEUTRAL,NEUTRAL,True
Slap_2859,NEGATIVE,NEGATIVE,NEGATIVE,NEGATIVE,True
Slap_286,NEGATIVE,NEGATIVE,NEGATIVE,NEGATIVE,True
Slap_2860,POSITIVE,POSITIVE,POSITIVE,POSITIVE,True
Slap_2863,POSITIVE,POSITIVE,POSITIVE,POSITIVE,True
Slap_2864,POSITIVE,POSITIVE,POSITIVE,POSITIVE,True
Slap_2865,NEUTRAL,NEUTRAL,NEUTRAL,NEUTRAL,True
Slap_2867,POSITIVE,POSITIVE,POSITIVE,POSITIVE,True
Slap_2868,POSITIVE,POSITIVE,POSITIVE,POSITIVE,True
Slap_2870,POSITIVE,POSITIVE,POSITIVE,POSITIVE,True
Slap_2871,POSITIVE,POSITIVE,POSITIVE,POSITIVE,True
Slap_2873,POSITIVE,POSITIVE,POSITIVE,POSITIVE,True
Slap_2874,POSITIVE,POSITIVE,POSITIVE,POSITIVE,True
Slap_2875,POSITIVE,POSITIVE,POSITIVE,POSITIVE,True
Slap_2876,POSITIVE,POSITIVE,POSITIVE,POSITIVE,True
Slap_2879,NEUTRAL,NEGATIVE,NEGATIVE,NEGATIVE,False
Slap_2880,NEGATIVE,NEGATIVE,NEGATIVE,NEGATIVE,True
Slap_2884,POSITIVE,POSITIVE,POSITIVE,POSITIVE,True
Slap_2886,POSITIVE,NEUTRAL,NEUTRAL,NEUTRAL,False
Slap_2890,POSITIVE,POSITIVE,POSITIVE,POSITIVE,True
Slap_2894,NEUTRAL,NEUTRAL,NEUTRAL,NEUTRAL,True
Slap_2895,POSITIVE,POSITIVE,POSITIVE,POSITIVE,True
Slap_2898,POSITIVE,POSITIVE,POSITIVE,POSITIVE,True
Slap_2899,POSITIVE,POSITIVE,POSITIVE,POSITIVE,True
Slap_29,NEUTRAL,NEUTRAL,NEUTRAL,NEUTRAL,True
Slap_290,NEGATIVE,NEUTRAL,NEGATIVE,NEGATIVE,False
Slap_2901,POSITIVE,POSITIVE,POSITIVE,POSITIVE,True
Slap_2902,NEUTRAL,NEUTRAL,NEUTRAL,NEUTRAL,True
Slap_2904,POSITIVE,POSITIVE,POSITIVE,POSITIVE,True
Slap_2909,NEUTRAL,NEGATIVE,NEGATIVE,NEGATIVE,False
Slap_291,NEGATIVE,NEGATIVE,NEGATIVE,NEGATIVE,True
Slap_2913,NEUTRAL,POSITIVE,NEUTRAL,NEUTRAL,False
Slap_2914,POSITIVE,POSITIVE,POSITIVE,POSITIVE,True
Slap_2916,NEGATIVE,NEGATIVE,NEGATIVE,NEGATIVE,True
Slap_2917,NEGATIVE,NEGATIVE,NEGATIVE,NEGATIVE,True
Slap_2918,NEUTRAL,NEGATIVE,NEUTRAL,NEUTRAL,False
Slap_2919,NEGATIVE,NEGATIVE,NEGATIVE,NEGATIVE,True
Slap_2922,POSITIVE,POSITIVE,POSITIVE,POSITIVE,True
Slap_2923,NEUTRAL,POSITIVE,POSITIVE,POSITIVE,False
Slap_2926,NEGATIVE,MIXED,NEGATIVE,NEGATIVE,False
Slap_2927,NEGATIVE,NEGATIVE,NEGATIVE,NEGATIVE,True
Slap_2928,NEGATIVE,NEGATIVE,NEGATIVE,NEGATIVE,True
Slap_293,NEGATIVE,NEUTRAL,NEGATIVE,NEGATIVE,False
Slap_2932,NEUTRAL,NEGATIVE,UNCLEAR,NO_MAJORITY,False
Slap_2933,POSITIVE,POSITIVE,POSITIVE,POSITIVE,True
Slap_2934,POSITIVE,POSITIVE,POSITIVE,POSITIVE,True
Slap_2935,NEGATIVE,NEGATIVE,NEUTRAL,NEGATIVE,False
Slap_2936,NEGATIVE,NEGATIVE,NEGATIVE,NEGATIVE,True
Slap_2937,NEUTRAL,POSITIVE,POSITIVE,POSITIVE,False
Slap_2938,NEGATIVE,NEGATIVE,MIXED,NEGATIVE,False
Slap_2939,POSITIVE,POSITIVE,POSITIVE,POSITIVE,True
Slap_2940,POSITIVE,POSITIVE,POSITIVE,POSITIVE,True
Slap_2941,NEUTRAL,MIXED,POSITIVE,NO_MAJORITY,False
Slap_2943,POSITIVE,POSITIVE,POSITIVE,POSITIVE,True
Slap_2944,POSITIVE,POSITIVE,POSITIVE,POSITIVE,True
Slap_2946,POSITIVE,POSITIVE,POSITIVE,POSITIVE,True
Slap_2947,POSITIVE,POSITIVE,POSITIVE,POSITIVE,True
Slap_2948,NEGATIVE,NEGATIVE,NEGATIVE,NEGATIVE,True
Slap_2949,NEGATIVE,NEGATIVE,NEGATIVE,NEGATIVE,True
Slap_295,POSITIVE,POSITIVE,POSITIVE,POSITIVE,True
Slap_2952,NEGATIVE,NEGATIVE,NEGATIVE,NEGATIVE,True
Slap_2953,NEGATIVE,NEGATIVE,NEGATIVE,NEGATIVE,True
Slap_2954,NEGATIVE,NEGATIVE,NEGATIVE,NEGATIVE,True
Slap_2955,POSITIVE,POSITIVE,POSITIVE,POSITIVE,True
Slap_2956,POSITIVE,POSITIVE,POSITIVE,POSITIVE,True
Slap_2959,POSITIVE,POSITIVE,POSITIVE,POSITIVE,True
Slap_296,POSITIVE,POSITIVE,POSITIVE,POSITIVE,True
Slap_2960,POSITIVE,POSITIVE,POSITIVE,POSITIVE,True
Slap_2961,NEGATIVE,NEGATIVE,NEGATIVE,NEGATIVE,True
Slap_2962,NEGATIVE,NEGATIVE,NEGATIVE,NEGATIVE,True
Slap_2963,POSITIVE,POSITIVE,POSITIVE,POSITIVE,True
Slap_2966,NEGATIVE,MIXED,NEGATIVE,NEGATIVE,False
Slap_2967,NEUTRAL,NEUTRAL,NEUTRAL,NEUTRAL,True
Slap_2968,NEGATIVE,NEGATIVE,NEGATIVE,NEGATIVE,True
Slap_2969,NEUTRAL,NEUTRAL,NEUTRAL,NEUTRAL,True
Slap_2970,NEUTRAL,NEUTRAL,NEUTRAL,NEUTRAL,True
Slap_2973,POSITIVE,POSITIVE,POSITIVE,POSITIVE,True
Slap_2974,POSITIVE,POSITIVE,POSITIVE,POSITIVE,True
Slap_2975,NEGATIVE,POSITIVE,NEGATIVE,NEGATIVE,False
Slap_2976,NEGATIVE,NEGATIVE,NEGATIVE,NEGATIVE,True
Slap_2977,NEGATIVE,NEUTRAL,NEUTRAL,NEUTRAL,False
Slap_2978,NEGATIVE,MIXED,NEGATIVE,NEGATIVE,False
Slap_298,NEUTRAL,NEUTRAL,NEUTRAL,NEUTRAL,True
Slap_2980,NEGATIVE,NEGATIVE,NEGATIVE,NEGATIVE,True
Slap_2984,NEUTRAL,NEUTRAL,NEUTRAL,NEUTRAL,True
Slap_2985,NEUTRAL,NEUTRAL,NEUTRAL,NEUTRAL,True
Slap_2987,NEUTRAL,POSITIVE,POSITIVE,POSITIVE,False
Slap_2988,POSITIVE,POSITIVE,POSITIVE,POSITIVE,True
Slap_2990,NEUTRAL,NEUTRAL,NEUTRAL,NEUTRAL,True
Slap_2991,NEGATIVE,NEGATIVE,NEGATIVE,NEGATIVE,True
Slap_2992,NEGATIVE,NEGATIVE,NEUTRAL,NEGATIVE,False
Slap_2993,POSITIVE,POSITIVE,POSITIVE,POSITIVE,True
Slap_2994,NEGATIVE,POSITIVE,POSITIVE,POSITIVE,False
Slap_2995,NEGATIVE,NEGATIVE,NEGATIVE,NEGATIVE,True
Slap_2996,NEGATIVE,NEGATIVE,NEGATIVE,NEGATIVE,True
Slap_2999,NEUTRAL,NEUTRAL,NEUTRAL,NEUTRAL,True
Slap_3,POSITIVE,POSITIVE,POSITIVE,POSITIVE,True
Slap_30,POSITIVE,POSITIVE,POSITIVE,POSITIVE,True
Slap_300,NEUTRAL,NEUTRAL,NEUTRAL,NEUTRAL,True
Slap_3004,POSITIVE,POSITIVE,POSITIVE,POSITIVE,True
Slap_3006,NEUTRAL,NEUTRAL,NEUTRAL,NEUTRAL,True
Slap_3007,NEUTRAL,MIXED,NEGATIVE,NO_MAJORITY,False
Slap_301,NEUTRAL,NEUTRAL,NEUTRAL,NEUTRAL,True
Slap_3011,POSITIVE,POSITIVE,POSITIVE,POSITIVE,True
Slap_3016,NEUTRAL,NEUTRAL,NEUTRAL,NEUTRAL,True
Slap_3017,NEUTRAL,NEUTRAL,NEUTRAL,NEUTRAL,True
Slap_3018,POSITIVE,POSITIVE,POSITIVE,POSITIVE,True
Slap_3019,POSITIVE,POSITIVE,POSITIVE,POSITIVE,True
Slap_302,POSITIVE,POSITIVE,POSITIVE,POSITIVE,True
Slap_3020,POSITIVE,POSITIVE,POSITIVE,POSITIVE,True
Slap_3021,NEGATIVE,NEGATIVE,NEGATIVE,NEGATIVE,True
Slap_3022,POSITIVE,POSITIVE,POSITIVE,POSITIVE,True
Slap_3023,NEUTRAL,MIXED,NEUTRAL,NEUTRAL,False
Slap_3024,NEGATIVE,NEGATIVE,NEGATIVE,NEGATIVE,True
Slap_3026,NEGATIVE,NEGATIVE,NEGATIVE,NEGATIVE,True
Slap_3027,NEGATIVE,NEGATIVE,NEGATIVE,NEGATIVE,True
Slap_3030,NEGATIVE,NEGATIVE,NEGATIVE,NEGATIVE,True
Slap_3031,NEUTRAL,POSITIVE,NEUTRAL,NEUTRAL,False
Slap_3034,NEUTRAL,NEUTRAL,NEGATIVE,NEUTRAL,False
Slap_3035,POSITIVE,POSITIVE,POSITIVE,POSITIVE,True
Slap_3036,NEUTRAL,NEUTRAL,NEUTRAL,NEUTRAL,True
Slap_3041,NEUTRAL,NEUTRAL,NEUTRAL,NEUTRAL,True
Slap_3042,NEGATIVE,NEGATIVE,NEGATIVE,NEGATIVE,True
Slap_3043,NEUTRAL,NEUTRAL,NEUTRAL,NEUTRAL,True
Slap_3044,NEUTRAL,NEUTRAL,NEUTRAL,NEUTRAL,True
Slap_3045,NEGATIVE,NEGATIVE,NEGATIVE,NEGATIVE,True
Slap_3046,NEUTRAL,NEUTRAL,NEGATIVE,NEUTRAL,False
Slap_3047,NEGATIVE,NEGATIVE,NEGATIVE,NEGATIVE,True
Slap_3048,NEUTRAL,NEUTRAL,NEUTRAL,NEUTRAL,True
Slap_3049,NEUTRAL,NEGATIVE,NEGATIVE,NEGATIVE,False
Slap_3055,NEUTRAL,NEUTRAL,NEUTRAL,NEUTRAL,True
Slap_3056,NEGATIVE,NEUTRAL,NEUTRAL,NEUTRAL,False
Slap_3057,NEUTRAL,NEUTRAL,NEUTRAL,NEUTRAL,True
Slap_3058,NEGATIVE,NEGATIVE,NEGATIVE,NEGATIVE,True
Slap_3060,NEUTRAL,NEUTRAL,NEUTRAL,NEUTRAL,True
Slap_3062,POSITIVE,POSITIVE,POSITIVE,POSITIVE,True
Slap_3064,NEUTRAL,NEUTRAL,NEUTRAL,NEUTRAL,True
Slap_3065,NEUTRAL,NEUTRAL,NEUTRAL,NEUTRAL,True
Slap_3072,NEUTRAL,NEUTRAL,NEUTRAL,NEUTRAL,True
Slap_3073,POSITIVE,POSITIVE,POSITIVE,POSITIVE,True
Slap_3074,NEUTRAL,POSITIVE,NEUTRAL,NEUTRAL,False
Slap_3075,NEUTRAL,NEUTRAL,NEUTRAL,NEUTRAL,True
Slap_3076,NEUTRAL,POSITIVE,NEUTRAL,NEUTRAL,False
Slap_3077,NEUTRAL,NEUTRAL,POSITIVE,NEUTRAL,False
Slap_3078,POSITIVE,POSITIVE,NEUTRAL,POSITIVE,False
Slap_3079,NEGATIVE,MIXED,NEGATIVE,NEGATIVE,False
Slap_308,NEUTRAL,NEGATIVE,NEGATIVE,NEGATIVE,False
Slap_3080,NEUTRAL,NEUTRAL,NEGATIVE,NEUTRAL,False
Slap_3081,NEUTRAL,NEUTRAL,POSITIVE,NEUTRAL,False
Slap_3082,NEUTRAL,NEGATIVE,NEUTRAL,NEUTRAL,False
Slap_3083,NEUTRAL,POSITIVE,NEUTRAL,NEUTRAL,False
Slap_3085,NEUTRAL,NEUTRAL,NEUTRAL,NEUTRAL,True
Slap_309,POSITIVE,POSITIVE,POSITIVE,POSITIVE,True
Slap_31,POSITIVE,POSITIVE,POSITIVE,POSITIVE,True
Slap_310,NEUTRAL,NEUTRAL,NEUTRAL,NEUTRAL,True
Slap_311,POSITIVE,POSITIVE,POSITIVE,POSITIVE,True
Slap_312,POSITIVE,POSITIVE,POSITIVE,POSITIVE,True
Slap_313,NEUTRAL,NEUTRAL,NEUTRAL,NEUTRAL,True
Slap_314,POSITIVE,POSITIVE,POSITIVE,POSITIVE,True
Slap_315,POSITIVE,POSITIVE,POSITIVE,POSITIVE,True
Slap_319,POSITIVE,NEUTRAL,NEUTRAL,NEUTRAL,False
Slap_32,NEGATIVE,NEGATIVE,NEGATIVE,NEGATIVE,True
Slap_325,NEUTRAL,POSITIVE,POSITIVE,POSITIVE,False
Slap_326,POSITIVE,POSITIVE,POSITIVE,POSITIVE,True
Slap_327,POSITIVE,POSITIVE,POSITIVE,POSITIVE,True
Slap_329,POSITIVE,POSITIVE,NEUTRAL,POSITIVE,False
Slap_331,NEUTRAL,POSITIVE,POSITIVE,POSITIVE,False
Slap_333,NEUTRAL,POSITIVE,POSITIVE,POSITIVE,False
Slap_334,NEUTRAL,POSITIVE,NEUTRAL,NEUTRAL,False
Slap_335,POSITIVE,POSITIVE,POSITIVE,POSITIVE,True
Slap_336,NEUTRAL,NEUTRAL,NEUTRAL,NEUTRAL,True
Slap_337,NEUTRAL,POSITIVE,NEUTRAL,NEUTRAL,False
Slap_340,POSITIVE,POSITIVE,POSITIVE,POSITIVE,True
Slap_344,NEGATIVE,NEGATIVE,NEGATIVE,NEGATIVE,True
Slap_347,NEGATIVE,NEGATIVE,NEGATIVE,NEGATIVE,True
Slap_348,POSITIVE,POSITIVE,POSITIVE,POSITIVE,True
Slap_349,POSITIVE,POSITIVE,POSITIVE,POSITIVE,True
Slap_35,NEUTRAL,NEUTRAL,NEUTRAL,NEUTRAL,True
Slap_350,NEGATIVE,NEGATIVE,NEGATIVE,NEGATIVE,True
Slap_353,NEGATIVE,NEGATIVE,NEGATIVE,NEGATIVE,True
Slap_354,NEGATIVE,NEGATIVE,NEGATIVE,NEGATIVE,True
Slap_356,POSITIVE,POSITIVE,POSITIVE,POSITIVE,True
Slap_357,NEUTRAL,NEUTRAL,NEUTRAL,NEUTRAL,True
Slap_358,NEUTRAL,MIXED,MIXED,MIXED,False
Slap_359,NEUTRAL,NEUTRAL,NEUTRAL,NEUTRAL,True
Slap_36,NEGATIVE,NEGATIVE,NEGATIVE,NEGATIVE,True
Slap_366,NEUTRAL,NEUTRAL,NEUTRAL,NEUTRAL,True
Slap_367,POSITIVE,POSITIVE,POSITIVE,POSITIVE,True
Slap_374,POSITIVE,POSITIVE,POSITIVE,POSITIVE,True
Slap_377,POSITIVE,POSITIVE,POSITIVE,POSITIVE,True
Slap_378,POSITIVE,POSITIVE,POSITIVE,POSITIVE,True
Slap_379,POSITIVE,POSITIVE,POSITIVE,POSITIVE,True
Slap_38,NEGATIVE,NEGATIVE,NEGATIVE,NEGATIVE,True
Slap_386,POSITIVE,POSITIVE,POSITIVE,POSITIVE,True
Slap_387,POSITIVE,POSITIVE,POSITIVE,POSITIVE,True
Slap_388,POSITIVE,POSITIVE,POSITIVE,POSITIVE,True
Slap_39,NEGATIVE,NEGATIVE,NEGATIVE,NEGATIVE,True
Slap_391,NEUTRAL,POSITIVE,NEUTRAL,NEUTRAL,False
Slap_392,NEUTRAL,NEUTRAL,NEGATIVE,NEUTRAL,False
Slap_394,NEUTRAL,NEUTRAL,NEUTRAL,NEUTRAL,True
Slap_395,NEGATIVE,NEGATIVE,NEGATIVE,NEGATIVE,True
Slap_396,NEGATIVE,NEGATIVE,NEGATIVE,NEGATIVE,True
Slap_398,NEGATIVE,NEGATIVE,NEGATIVE,NEGATIVE,True
Slap_4,POSITIVE,POSITIVE,POSITIVE,POSITIVE,True
Slap_400,POSITIVE,POSITIVE,POSITIVE,POSITIVE,True
Slap_403,NEGATIVE,NEGATIVE,NEGATIVE,NEGATIVE,True
Slap_404,NEGATIVE,NEGATIVE,NEGATIVE,NEGATIVE,True
Slap_405,NEGATIVE,NEGATIVE,NEGATIVE,NEGATIVE,True
Slap_406,NEGATIVE,NEGATIVE,NEGATIVE,NEGATIVE,True
Slap_407,NEGATIVE,NEGATIVE,NEGATIVE,NEGATIVE,True
Slap_408,NEUTRAL,NEGATIVE,NEGATIVE,NEGATIVE,False
Slap_41,NEGATIVE,NEGATIVE,NEGATIVE,NEGATIVE,True
Slap_411,NEGATIVE,NEGATIVE,NEGATIVE,NEGATIVE,True
Slap_427,NEGATIVE,NEGATIVE,NEGATIVE,NEGATIVE,True
Slap_429,NEGATIVE,MIXED,NEGATIVE,NEGATIVE,False
Slap_43,NEGATIVE,NEGATIVE,NEGATIVE,NEGATIVE,True
Slap_433,NEGATIVE,NEGATIVE,NEGATIVE,NEGATIVE,True
Slap_435,NEGATIVE,NEGATIVE,NEGATIVE,NEGATIVE,True
Slap_44,NEGATIVE,NEGATIVE,NEGATIVE,NEGATIVE,True
Slap_440,POSITIVE,POSITIVE,POSITIVE,POSITIVE,True
Slap_441,POSITIVE,POSITIVE,POSITIVE,POSITIVE,True
Slap_443,POSITIVE,POSITIVE,POSITIVE,POSITIVE,True
Slap_444,MIXED,MIXED,MIXED,MIXED,True
Slap_445,POSITIVE,MIXED,POSITIVE,POSITIVE,False
Slap_446,POSITIVE,POSITIVE,POSITIVE,POSITIVE,True
Slap_448,POSITIVE,POSITIVE,POSITIVE,POSITIVE,True
Slap_451,NEUTRAL,NEUTRAL,NEUTRAL,NEUTRAL,True
Slap_452,POSITIVE,POSITIVE,POSITIVE,POSITIVE,True
Slap_453,NEUTRAL,NEUTRAL,NEUTRAL,NEUTRAL,True
Slap_454,POSITIVE,POSITIVE,POSITIVE,POSITIVE,True
Slap_455,POSITIVE,POSITIVE,POSITIVE,POSITIVE,True
Slap_456,POSITIVE,POSITIVE,POSITIVE,POSITIVE,True
Slap_458,NEGATIVE,NEGATIVE,NEGATIVE,NEGATIVE,True
Slap_459,NEGATIVE,NEGATIVE,NEGATIVE,NEGATIVE,True
Slap_460,NEGATIVE,NEGATIVE,NEGATIVE,NEGATIVE,True
Slap_462,NEGATIVE,NEGATIVE,NEGATIVE,NEGATIVE,True
Slap_463,NEGATIVE,NEUTRAL,NEUTRAL,NEUTRAL,False
Slap_464,NEGATIVE,NEGATIVE,NEGATIVE,NEGATIVE,True
Slap_469,NEGATIVE,NEGATIVE,NEGATIVE,NEGATIVE,True
Slap_474,NEGATIVE,NEGATIVE,NEGATIVE,NEGATIVE,True
Slap_475,NEGATIVE,NEGATIVE,NEGATIVE,NEGATIVE,True
Slap_486,NEUTRAL,POSITIVE,NEUTRAL,NEUTRAL,False
Slap_488,NEGATIVE,NEGATIVE,NEGATIVE,NEGATIVE,True
Slap_49,NEGATIVE,NEGATIVE,NEGATIVE,NEGATIVE,True
Slap_490,NEUTRAL,NEGATIVE,NEGATIVE,NEGATIVE,False
Slap_493,NEUTRAL,NEUTRAL,NEUTRAL,NEUTRAL,True
Slap_494,NEUTRAL,NEUTRAL,MIXED,NEUTRAL,False
Slap_496,NEGATIVE,NEGATIVE,NEGATIVE,NEGATIVE,True
Slap_500,NEUTRAL,NEUTRAL,NEUTRAL,NEUTRAL,True
Slap_503,NEUTRAL,NEUTRAL,NEUTRAL,NEUTRAL,True
Slap_504,POSITIVE,NEUTRAL,POSITIVE,POSITIVE,False
Slap_505,NEGATIVE,NEGATIVE,NEGATIVE,NEGATIVE,True
Slap_506,NEUTRAL,NEUTRAL,NEUTRAL,NEUTRAL,True
Slap_508,NEGATIVE,NEGATIVE,NEGATIVE,NEGATIVE,True
Slap_510,NEUTRAL,NEUTRAL,NEUTRAL,NEUTRAL,True
Slap_515,NEUTRAL,NEUTRAL,NEUTRAL,NEUTRAL,True
Slap_519,NEGATIVE,NEGATIVE,NEGATIVE,NEGATIVE,True
Slap_520,NEGATIVE,NEGATIVE,NEGATIVE,NEGATIVE,True
Slap_523,NEGATIVE,NEGATIVE,NEGATIVE,NEGATIVE,True
Slap_526,NEGATIVE,NEGATIVE,NEGATIVE,NEGATIVE,True
Slap_532,POSITIVE,POSITIVE,POSITIVE,POSITIVE,True
Slap_533,NEUTRAL,UNCLEAR,NEUTRAL,NEUTRAL,False
Slap_534,NEGATIVE,NEGATIVE,NEUTRAL,NEGATIVE,False
Slap_536,NEGATIVE,NEGATIVE,NEGATIVE,NEGATIVE,True
Slap_537,NEUTRAL,NEUTRAL,NEUTRAL,NEUTRAL,True
Slap_540,NEUTRAL,POSITIVE,NEUTRAL,NEUTRAL,False
Slap_541,NEGATIVE,NEGATIVE,NEGATIVE,NEGATIVE,True
Slap_542,NEGATIVE,NEGATIVE,NEGATIVE,NEGATIVE,True
Slap_543,NEGATIVE,NEGATIVE,NEGATIVE,NEGATIVE,True
Slap_544,NEGATIVE,NEGATIVE,NEGATIVE,NEGATIVE,True
Slap_547,NEUTRAL,NEUTRAL,NEUTRAL,NEUTRAL,True
Slap_550,NEGATIVE,NEGATIVE,NEGATIVE,NEGATIVE,True
Slap_552,NEGATIVE,NEGATIVE,NEGATIVE,NEGATIVE,True
Slap_555,POSITIVE,POSITIVE,POSITIVE,POSITIVE,True
Slap_559,NEUTRAL,NEUTRAL,NEUTRAL,NEUTRAL,True
Slap_560,POSITIVE,POSITIVE,NEUTRAL,POSITIVE,False
Slap_561,NEUTRAL,NEUTRAL,UNCLEAR,NEUTRAL,False
Slap_563,POSITIVE,POSITIVE,POSITIVE,POSITIVE,True
Slap_566,POSITIVE,POSITIVE,POSITIVE,POSITIVE,True
Slap_568,NEUTRAL,NEUTRAL,NEUTRAL,NEUTRAL,True
Slap_569,NEUTRAL,NEUTRAL,NEUTRAL,NEUTRAL,True
Slap_571,POSITIVE,POSITIVE,POSITIVE,POSITIVE,True
Slap_572,POSITIVE,POSITIVE,POSITIVE,POSITIVE,True
Slap_575,NEUTRAL,NEUTRAL,NEUTRAL,NEUTRAL,True
Slap_577,POSITIVE,POSITIVE,POSITIVE,POSITIVE,True
Slap_578,POSITIVE,POSITIVE,POSITIVE,POSITIVE,True
Slap_581,POSITIVE,POSITIVE,NEUTRAL,POSITIVE,False
Slap_582,POSITIVE,POSITIVE,POSITIVE,POSITIVE,True
Slap_59,NEGATIVE,NEGATIVE,NEGATIVE,NEGATIVE,True
Slap_592,NEUTRAL,NEGATIVE,POSITIVE,NO_MAJORITY,False
Slap_593,NEUTRAL,POSITIVE,POSITIVE,POSITIVE,False
Slap_597,POSITIVE,POSITIVE,POSITIVE,POSITIVE,True
Slap_599,POSITIVE,POSITIVE,POSITIVE,POSITIVE,True
Slap_6,NEUTRAL,NEUTRAL,NEUTRAL,NEUTRAL,True
Slap_60,NEGATIVE,NEUTRAL,NEGATIVE,NEGATIVE,False
Slap_607,NEGATIVE,NEGATIVE,NEGATIVE,NEGATIVE,True
Slap_608,NEGATIVE,NEGATIVE,NEGATIVE,NEGATIVE,True
Slap_609,NEGATIVE,NEGATIVE,NEGATIVE,NEGATIVE,True
Slap_61,NEUTRAL,MIXED,NEUTRAL,NEUTRAL,False
Slap_610,NEGATIVE,MIXED,MIXED,MIXED,False
Slap_612,NEUTRAL,NEUTRAL,NEUTRAL,NEUTRAL,True
Slap_613,NEGATIVE,NEGATIVE,NEGATIVE,NEGATIVE,True
Slap_614,NEUTRAL,NEGATIVE,NEUTRAL,NEUTRAL,False
Slap_617,NEGATIVE,NEGATIVE,NEGATIVE,NEGATIVE,True
Slap_62,NEGATIVE,NEGATIVE,NEGATIVE,NEGATIVE,True
Slap_621,NEGATIVE,NEGATIVE,NEUTRAL,NEGATIVE,False
Slap_624,NEGATIVE,NEGATIVE,NEUTRAL,NEGATIVE,False
Slap_625,NEGATIVE,NEGATIVE,NEGATIVE,NEGATIVE,True
Slap_626,NEGATIVE,NEGATIVE,NEGATIVE,NEGATIVE,True
Slap_63,NEGATIVE,NEGATIVE,NEGATIVE,NEGATIVE,True
Slap_634,NEUTRAL,NEGATIVE,NEUTRAL,NEUTRAL,False
Slap_637,NEUTRAL,NEUTRAL,NEUTRAL,NEUTRAL,True
Slap_639,NEUTRAL,NEUTRAL,NEUTRAL,NEUTRAL,True
Slap_640,NEUTRAL,NEUTRAL,NEUTRAL,NEUTRAL,True
Slap_648,NEGATIVE,NEGATIVE,NEGATIVE,NEGATIVE,True
Slap_652,POSITIVE,POSITIVE,POSITIVE,POSITIVE,True
Slap_653,POSITIVE,POSITIVE,POSITIVE,POSITIVE,True
Slap_654,NEUTRAL,NEUTRAL,NEUTRAL,NEUTRAL,True
Slap_655,POSITIVE,POSITIVE,POSITIVE,POSITIVE,True
Slap_657,NEGATIVE,NEGATIVE,NEGATIVE,NEGATIVE,True
Slap_659,NEUTRAL,NEUTRAL,NEUTRAL,NEUTRAL,True
Slap_661,NEGATIVE,NEGATIVE,NEGATIVE,NEGATIVE,True
Slap_667,NEUTRAL,POSITIVE,NEUTRAL,NEUTRAL,False
Slap_668,MIXED,MIXED,POSITIVE,MIXED,False
Slap_670,NEUTRAL,POSITIVE,POSITIVE,POSITIVE,False
Slap_671,POSITIVE,POSITIVE,POSITIVE,POSITIVE,True
Slap_675,NEUTRAL,POSITIVE,NEUTRAL,NEUTRAL,False
Slap_676,POSITIVE,POSITIVE,POSITIVE,POSITIVE,True
Slap_678,NEUTRAL,NEUTRAL,NEUTRAL,NEUTRAL,True
Slap_682,POSITIVE,POSITIVE,POSITIVE,POSITIVE,True
Slap_684,POSITIVE,POSITIVE,POSITIVE,POSITIVE,True
Slap_687,POSITIVE,POSITIVE,POSITIVE,POSITIVE,True
Slap_695,POSITIVE,POSITIVE,NEUTRAL,POSITIVE,False
Slap_696,NEUTRAL,NEUTRAL,NEUTRAL,NEUTRAL,True
Slap_697,POSITIVE,POSITIVE,POSITIVE,POSITIVE,True
Slap_698,POSITIVE,POSITIVE,POSITIVE,POSITIVE,True
Slap_7,POSITIVE,POSITIVE,POSITIVE,POSITIVE,True
Slap_70,POSITIVE,POSITIVE,POSITIVE,POSITIVE,True
Slap_700,NEGATIVE,NEGATIVE,NEGATIVE,NEGATIVE,True
Slap_701,NEGATIVE,MIXED,MIXED,MIXED,False
Slap_706,NEUTRAL,NEUTRAL,NEUTRAL,NEUTRAL,True
Slap_711,NEUTRAL,MIXED,POSITIVE,NO_MAJORITY,False
Slap_712,POSITIVE,POSITIVE,POSITIVE,POSITIVE,True
Slap_713,NEUTRAL,POSITIVE,POSITIVE,POSITIVE,False
Slap_714,POSITIVE,POSITIVE,POSITIVE,POSITIVE,True
Slap_719,POSITIVE,POSITIVE,POSITIVE,POSITIVE,True
Slap_720,NEUTRAL,NEUTRAL,NEUTRAL,NEUTRAL,True
Slap_722,POSITIVE,POSITIVE,NEUTRAL,POSITIVE,False
Slap_73,NEUTRAL,MIXED,MIXED,MIXED,False
Slap_732,NEUTRAL,NEUTRAL,NEUTRAL,NEUTRAL,True
Slap_733,NEGATIVE,NEGATIVE,NEGATIVE,NEGATIVE,True
Slap_734,NEUTRAL,NEUTRAL,NEUTRAL,NEUTRAL,True
Slap_735,NEGATIVE,NEGATIVE,NEGATIVE,NEGATIVE,True
Slap_740,NEUTRAL,NEUTRAL,NEUTRAL,NEUTRAL,True
Slap_741,POSITIVE,POSITIVE,POSITIVE,POSITIVE,True
Slap_743,NEGATIVE,NEGATIVE,NEGATIVE,NEGATIVE,True
Slap_744,NEGATIVE,NEGATIVE,NEGATIVE,NEGATIVE,True
Slap_745,NEGATIVE,NEGATIVE,NEGATIVE,NEGATIVE,True
Slap_746,NEGATIVE,NEGATIVE,NEGATIVE,NEGATIVE,True
Slap_753,NEGATIVE,NEGATIVE,NEGATIVE,NEGATIVE,True
Slap_755,NEGATIVE,NEGATIVE,NEGATIVE,NEGATIVE,True
Slap_756,NEGATIVE,NEGATIVE,NEGATIVE,NEGATIVE,True
Slap_758,NEGATIVE,NEGATIVE,NEGATIVE,NEGATIVE,True
Slap_76,POSITIVE,POSITIVE,POSITIVE,POSITIVE,True
Slap_761,NEGATIVE,NEGATIVE,NEGATIVE,NEGATIVE,True
Slap_762,NEGATIVE,NEGATIVE,NEGATIVE,NEGATIVE,True
Slap_763,NEGATIVE,NEGATIVE,NEGATIVE,NEGATIVE,True
Slap_764,NEUTRAL,NEGATIVE,NEUTRAL,NEUTRAL,False
Slap_768,NEGATIVE,NEGATIVE,NEUTRAL,NEGATIVE,False
Slap_769,NEUTRAL,NEUTRAL,NEUTRAL,NEUTRAL,True
Slap_771,NEGATIVE,NEGATIVE,NEGATIVE,NEGATIVE,True
Slap_772,NEUTRAL,NEUTRAL,NEUTRAL,NEUTRAL,True
Slap_773,NEGATIVE,NEGATIVE,NEGATIVE,NEGATIVE,True
Slap_775,NEGATIVE,NEGATIVE,NEGATIVE,NEGATIVE,True
Slap_777,NEGATIVE,NEGATIVE,NEGATIVE,NEGATIVE,True
Slap_778,NEGATIVE,NEGATIVE,NEUTRAL,NEGATIVE,False
Slap_779,NEUTRAL,NEUTRAL,NEUTRAL,NEUTRAL,True
Slap_781,NEGATIVE,NEGATIVE,NEGATIVE,NEGATIVE,True
Slap_784,NEUTRAL,NEGATIVE,NEGATIVE,NEGATIVE,False
Slap_79,NEUTRAL,MIXED,POSITIVE,NO_MAJORITY,False
Slap_792,NEGATIVE,NEGATIVE,NEGATIVE,NEGATIVE,True
Slap_793,NEGATIVE,NEGATIVE,NEUTRAL,NEGATIVE,False
Slap_795,NEUTRAL,NEGATIVE,NEUTRAL,NEUTRAL,False
Slap_799,NEGATIVE,NEUTRAL,NEGATIVE,NEGATIVE,False
Slap_8,POSITIVE,POSITIVE,POSITIVE,POSITIVE,True
Slap_80,POSITIVE,POSITIVE,POSITIVE,POSITIVE,True
Slap_803,NEGATIVE,NEGATIVE,NEGATIVE,NEGATIVE,True
Slap_808,NEGATIVE,NEGATIVE,NEGATIVE,NEGATIVE,True
Slap_809,NEGATIVE,NEGATIVE,NEGATIVE,NEGATIVE,True
Slap_81,POSITIVE,POSITIVE,POSITIVE,POSITIVE,True
Slap_810,NEGATIVE,NEGATIVE,NEGATIVE,NEGATIVE,True
Slap_811,NEGATIVE,NEUTRAL,NEGATIVE,NEGATIVE,False
Slap_817,NEGATIVE,NEGATIVE,NEGATIVE,NEGATIVE,True
Slap_821,NEGATIVE,NEGATIVE,NEGATIVE,NEGATIVE,True
Slap_822,NEGATIVE,NEGATIVE,NEGATIVE,NEGATIVE,True
Slap_823,NEGATIVE,NEGATIVE,NEGATIVE,NEGATIVE,True
Slap_824,NEGATIVE,NEGATIVE,NEGATIVE,NEGATIVE,True
Slap_828,NEGATIVE,NEGATIVE,NEGATIVE,NEGATIVE,True
Slap_830,NEGATIVE,NEGATIVE,NEGATIVE,NEGATIVE,True
Slap_831,NEGATIVE,NEGATIVE,NEGATIVE,NEGATIVE,True
Slap_832,NEGATIVE,NEGATIVE,NEGATIVE,NEGATIVE,True
Slap_833,NEGATIVE,NEGATIVE,NEGATIVE,NEGATIVE,True
Slap_834,NEUTRAL,POSITIVE,POSITIVE,POSITIVE,False
Slap_835,NEGATIVE,NEGATIVE,NEGATIVE,NEGATIVE,True
Slap_836,NEGATIVE,NEGATIVE,NEGATIVE,NEGATIVE,True
Slap_838,NEGATIVE,NEGATIVE,NEGATIVE,NEGATIVE,True
Slap_839,NEGATIVE,NEGATIVE,NEUTRAL,NEGATIVE,False
Slap_84,POSITIVE,POSITIVE,POSITIVE,POSITIVE,True
Slap_842,NEGATIVE,NEGATIVE,NEGATIVE,NEGATIVE,True
Slap_843,NEUTRAL,NEUTRAL,NEUTRAL,NEUTRAL,True
Slap_845,NEGATIVE,NEGATIVE,NEGATIVE,NEGATIVE,True
Slap_846,NEGATIVE,NEGATIVE,NEGATIVE,NEGATIVE,True
Slap_848,NEUTRAL,NEGATIVE,NEGATIVE,NEGATIVE,False
Slap_851,NEGATIVE,NEGATIVE,NEGATIVE,NEGATIVE,True
Slap_854,NEGATIVE,NEGATIVE,NEGATIVE,NEGATIVE,True
Slap_858,NEGATIVE,NEGATIVE,NEGATIVE,NEGATIVE,True
Slap_859,NEGATIVE,NEGATIVE,NEGATIVE,NEGATIVE,True
Slap_87,POSITIVE,POSITIVE,POSITIVE,POSITIVE,True
Slap_871,NEGATIVE,NEGATIVE,NEUTRAL,NEGATIVE,False
Slap_878,NEUTRAL,NEGATIVE,NEUTRAL,NEUTRAL,False
Slap_879,NEGATIVE,NEGATIVE,NEGATIVE,NEGATIVE,True
Slap_881,NEUTRAL,NEGATIVE,NEGATIVE,NEGATIVE,False
Slap_884,NEGATIVE,NEGATIVE,NEUTRAL,NEGATIVE,False
Slap_888,NEGATIVE,NEGATIVE,NEGATIVE,NEGATIVE,True
Slap_890,NEGATIVE,NEGATIVE,NEGATIVE,NEGATIVE,True
Slap_899,POSITIVE,POSITIVE,POSITIVE,POSITIVE,True
Slap_9,NEUTRAL,NEUTRAL,POSITIVE,NEUTRAL,False
Slap_90,NEGATIVE,NEGATIVE,NEGATIVE,NEGATIVE,True
Slap_900,NEGATIVE,NEGATIVE,NEGATIVE,NEGATIVE,True
Slap_901,NEGATIVE,NEGATIVE,NEGATIVE,NEGATIVE,True
Slap_902,NEGATIVE,NEGATIVE,NEGATIVE,NEGATIVE,True
Slap_903,NEGATIVE,NEGATIVE,NEGATIVE,NEGATIVE,True
Slap_904,NEGATIVE,NEGATIVE,NEUTRAL,NEGATIVE,False
Slap_905,NEGATIVE,NEGATIVE,NEGATIVE,NEGATIVE,True
Slap_907,NEGATIVE,NEGATIVE,NEGATIVE,NEGATIVE,True
Slap_908,NEGATIVE,NEGATIVE,NEGATIVE,NEGATIVE,True
Slap_909,NEGATIVE,NEGATIVE,NEUTRAL,NEGATIVE,False
Slap_91,NEGATIVE,NEGATIVE,NEGATIVE,NEGATIVE,True
Slap_911,NEUTRAL,POSITIVE,NEUTRAL,NEUTRAL,False
Slap_913,NEUTRAL,NEUTRAL,NEUTRAL,NEUTRAL,True
Slap_914,NEUTRAL,POSITIVE,NEUTRAL,NEUTRAL,False
Slap_915,NEGATIVE,NEGATIVE,NEGATIVE,NEGATIVE,True
Slap_917,NEGATIVE,NEGATIVE,NEGATIVE,NEGATIVE,True
Slap_918,NEGATIVE,NEGATIVE,NEGATIVE,NEGATIVE,True
Slap_92,NEGATIVE,NEGATIVE,NEGATIVE,NEGATIVE,True
Slap_922,NEGATIVE,NEGATIVE,NEGATIVE,NEGATIVE,True
Slap_925,NEGATIVE,NEGATIVE,NEGATIVE,NEGATIVE,True
Slap_926,NEGATIVE,NEGATIVE,NEGATIVE,NEGATIVE,True
Slap_927,NEGATIVE,NEGATIVE,NEGATIVE,NEGATIVE,True
Slap_931,NEUTRAL,NEUTRAL,NEUTRAL,NEUTRAL,True
Slap_936,POSITIVE,POSITIVE,POSITIVE,POSITIVE,True
Slap_937,NEUTRAL,NEUTRAL,NEUTRAL,NEUTRAL,True
Slap_938,NEUTRAL,POSITIVE,POSITIVE,POSITIVE,False
Slap_940,NEGATIVE,NEGATIVE,POSITIVE,NEGATIVE,False
Slap_941,NEGATIVE,NEGATIVE,NEGATIVE,NEGATIVE,True
Slap_942,NEGATIVE,NEGATIVE,NEGATIVE,NEGATIVE,True
Slap_945,NEUTRAL,POSITIVE,NEUTRAL,NEUTRAL,False
Slap_948,NEGATIVE,NEGATIVE,NEGATIVE,NEGATIVE,True
Slap_950,POSITIVE,POSITIVE,POSITIVE,POSITIVE,True
Slap_952,NEGATIVE,NEGATIVE,NEGATIVE,NEGATIVE,True
Slap_953,NEUTRAL,NEGATIVE,NEUTRAL,NEUTRAL,False
Slap_956,NEUTRAL,NEGATIVE,NEGATIVE,NEGATIVE,False
Slap_961,NEGATIVE,NEGATIVE,NEGATIVE,NEGATIVE,True
Slap_963,NEUTRAL,POSITIVE,NEGATIVE,NO_MAJORITY,False
Slap_967,NEGATIVE,NEUTRAL,NEUTRAL,NEUTRAL,False
Slap_968,NEGATIVE,NEGATIVE,NEGATIVE,NEGATIVE,True
Slap_969,NEGATIVE,NEGATIVE,NEGATIVE,NEGATIVE,True
Slap_97,NEGATIVE,NEGATIVE,NEGATIVE,NEGATIVE,True
Slap_970,NEUTRAL,NEGATIVE,NEUTRAL,NEUTRAL,False
Slap_973,NEUTRAL,POSITIVE,NEUTRAL,NEUTRAL,False
Slap_98,NEGATIVE,NEGATIVE,NEGATIVE,NEGATIVE,True
Slap_980,NEGATIVE,NEGATIVE,NEGATIVE,NEGATIVE,True
Slap_982,NEUTRAL,NEUTRAL,NEUTRAL,NEUTRAL,True
Slap_983,NEGATIVE,NEGATIVE,NEGATIVE,NEGATIVE,True
Slap_984,NEGATIVE,NEGATIVE,NEGATIVE,NEGATIVE,True
Slap_986,NEUTRAL,NEUTRAL,NEUTRAL,NEUTRAL,True
Slap_988,NEGATIVE,NEGATIVE,NEGATIVE,NEGATIVE,True
Slap_99,NEGATIVE,NEGATIVE,NEGATIVE,NEGATIVE,True
Slap_990,NEGATIVE,NEGATIVE,NEGATIVE,NEGATIVE,True
Slap_995,NEGATIVE,NEGATIVE,NEGATIVE,NEGATIVE,True
Slap_997,NEGATIVE,NEGATIVE,NEGATIVE,NEGATIVE,True
