item_id,gold
Slap_2339,POSITIVE
Slap_1316,NEGATIVE
Slap_2005,POSITIVE
Slap_2789,POSITIVE
Slap_76,POSITIVE
Slap_80,POSITIVE
Slap_917,NEGATIVE
Slap_1630,NEUTRAL
Slap_38,MIXED
Slap_337,POSITIVE
Slap_2568,POSITIVE
Slap_295,POSITIVE
Slap_2759,POSITIVE
Slap_2980,NEGATIVE
Slap_1054,MIXED
Slap_743,NEGATIVE
Slap_2587,NEGATIVE
Slap_2202,POSITIVE
Slap_2227,POSITIVE
Slap_92,NEGATIVE
Slap_1204,NEGATIVE
Slap_325,MIXED
Slap_1574,POSITIVE
Slap_3073,POSITIVE
Slap_1254,NEGATIVE
Slap_810,NEGATIVE
Slap_130,NEGATIVE
Slap_839,POSITIVE
Slap_696,POSITIVE
Slap_1030,NEGATIVE
Slap_1425,NEGATIVE
Slap_661,NEGATIVE
Slap_997,MIXED
Slap_463,NEUTRAL
Slap_1193,NEGATIVE
Slap_147,NEGATIVE
Slap_1433,NEUTRAL
Slap_1669,NEGATIVE
Slap_2462,NEUTRAL
Slap_2719,NEGATIVE
Slap_1224,NEGATIVE
Slap_2492,POSITIVE
Slap_1541,POSITIVE
Slap_3060,NEUTRAL
Slap_915,NEGATIVE
Slap_2050,NEGATIVE
Slap_460,NEGATIVE
Slap_1524,POSITIVE
Slap_803,NEGATIVE
Slap_2225,POSITIVE
Slap_2644,POSITIVE
Slap_1365,NEGATIVE
Slap_2033,NEUTRAL
Slap_2271,POSITIVE
Slap_103,NEGATIVE
Slap_1149,NEGATIVE
Slap_900,NEGATIVE
Slap_1649,POSITIVE
Slap_446,POSITIVE
Slap_1912,NEGATIVE
Slap_2752,POSITIVE
Slap_2381,NEGATIVE
Slap_404,NEGATIVE
Slap_407,NEGATIVE
Slap_1731,MIXED
Slap_1186,NEGATIVE
Slap_2470,POSITIVE
Slap_331,POSITIVE
Slap_1057,POSITIVE
Slap_1095,NEUTRAL
Slap_1718,NEUTRAL
Slap_2923,POSITIVE
Slap_3027,NEGATIVE
Slap_654,NEUTRAL
Slap_1110,NEUTRAL
Slap_1488,POSITIVE
Slap_488,NEGATIVE
Slap_1289,NEGATIVE
Slap_2985,NEUTRAL
Slap_1573,POSITIVE
Slap_1928,NEGATIVE
Slap_1099,NEGATIVE
Slap_1347,NEGATIVE
Slap_1408,POSITIVE
Slap_1374,MIXED
Slap_2864,MIXED
Slap_30,POSITIVE
Slap_474,NEGATIVE
Slap_156,NEGATIVE
Slap_2095,POSITIVE
Slap_1722,POSITIVE
Slap_2004,POSITIVE
Slap_2296,NEGATIVE
Slap_493,NEUTRAL
Slap_902,NEGATIVE
Slap_2433,NEUTRAL
Slap_1675,POSITIVE
Slap_609,NEGATIVE
Slap_296,POSITIVE
Slap_2335,POSITIVE
Slap_2416,NEUTRAL
Slap_1471,NEGATIVE
Slap_1427,POSITIVE
Slap_911,NEUTRAL
Slap_2001,MIXED
Slap_2465,POSITIVE
Slap_2331,NEUTRAL
Slap_599,MIXED
Slap_823,NEGATIVE
Slap_3006,POSITIVE
Slap_2941,NEGATIVE
Slap_2776,POSITIVE
Slap_1686,POSITIVE
Slap_2091,NEGATIVE
Slap_1259,POSITIVE
Slap_2938,NEGATIVE
Slap_2574,POSITIVE
Slap_2351,POSITIVE
Slap_526,NEGATIVE
Slap_3020,POSITIVE
Slap_2541,MIXED
Slap_1069,NEGATIVE
Slap_1553,POSITIVE
Slap_2874,POSITIVE
Slap_2385,MIXED
Slap_1654,POSITIVE
Slap_3058,NEGATIVE
Slap_1937,NEGATIVE
Slap_104,NEUTRAL
Slap_1417,NEGATIVE
Slap_2886,POSITIVE
Slap_2124,POSITIVE
Slap_260,NEGATIVE
Slap_1172,POSITIVE
Slap_2221,POSITIVE
Slap_386,POSITIVE
Slap_1357,NEGATIVE
Slap_2605,POSITIVE
Slap_1742,NEGATIVE
Slap_2578,NEGATIVE
Slap_942,NEGATIVE
Slap_2740,MIXED
Slap_311,POSITIVE
Slap_13,MIXED
Slap_1852,NEUTRAL
Slap_2708,NEGATIVE
Slap_1566,NEGATIVE
Slap_540,NEGATIVE
Slap_878,NEGATIVE
Slap_2388,POSITIVE
Slap_3074,POSITIVE
Slap_2534,POSITIVE
Slap_2185,NEGATIVE
Slap_2632,POSITIVE
Slap_2675,NEGATIVE
Slap_392,NEGATIVE
Slap_1551,POSITIVE
Slap_2698,POSITIVE
Slap_340,POSITIVE
Slap_2918,NEUTRAL
Slap_2939,POSITIVE
Slap_1958,POSITIVE
Slap_358,MIXED
Slap_1355,NEGATIVE
Slap_3021,NEGATIVE
Slap_2415,POSITIVE
Slap_2696,NEGATIVE
Slap_2916,NEGATIVE
Slap_4,POSITIVE
Slap_2260,POSITIVE
Slap_1376,MIXED
Slap_936,POSITIVE
Slap_2323,POSITIVE
Slap_1804,POSITIVE
Slap_1426,POSITIVE
Slap_138,POSITIVE
Slap_1192,NEGATIVE
Slap_1691,NEGATIVE
Slap_537,NEUTRAL
Slap_541,MIXED
Slap_3043,NEUTRAL
Slap_505,NEGATIVE
Slap_569,POSITIVE
Slap_3081,NEGATIVE
Slap_308,NEGATIVE
Slap_2796,NEGATIVE
Slap_2333,NEUTRAL
Slap_3049,NEGATIVE
Slap_2660,NEGATIVE
Slap_206,NEGATIVE
Slap_2138,NEUTRAL
Slap_2392,POSITIVE
Slap_9,POSITIVE
Slap_1867,NEGATIVE
Slap_2377,MIXED
Slap_2928,POSITIVE
Slap_2811,POSITIVE
Slap_2137,POSITIVE
Slap_1256,NEGATIVE
Slap_1770,POSITIVE
Slap_2270,POSITIVE
Slap_1424,NEGATIVE
Slap_2843,POSITIVE
Slap_2471,POSITIVE
Slap_2550,POSITIVE
Slap_455,POSITIVE
Slap_2496,NEGATIVE
Slap_1089,NEGATIVE
Slap_713,POSITIVE
Slap_490,NEGATIVE
Slap_2422,NEUTRAL
Slap_2540,POSITIVE
Slap_2018,NEGATIVE
Slap_2022,NEGATIVE
Slap_1191,MIXED
Slap_777,NEGATIVE
Slap_2775,POSITIVE
Slap_1844,NEUTRAL
Slap_1989,NEGATIVE
Slap_1068,NEGATIVE
Slap_2030,NEGATIVE
Slap_128,NEGATIVE
Slap_1561,POSITIVE
Slap_1890,NEGATIVE
Slap_2435,NEGATIVE
Slap_2166,POSITIVE
Slap_2969,POSITIVE
Slap_824,NEGATIVE
Slap_2754,POSITIVE
Slap_309,POSITIVE
Slap_16,MIXED
Slap_1984,POSITIVE
Slap_2943,POSITIVE
Slap_1839,NEGATIVE
Slap_1375,NEUTRAL
Slap_899,POSITIVE
Slap_2858,POSITIVE
Slap_1338,NEGATIVE
Slap_2962,NEGATIVE
Slap_2110,NEUTRAL
Slap_35,NEGATIVE
Slap_1041,NEUTRAL
Slap_1040,NEGATIVE
Slap_379,POSITIVE
Slap_1757,POSITIVE
Slap_220,NEGATIVE
Slap_2919,NEGATIVE
Slap_698,POSITIVE
Slap_1336,MIXED
Slap_146,NEGATIVE
Slap_1969,POSITIVE
Slap_2549,POSITIVE
Slap_469,NEGATIVE
Slap_2974,POSITIVE
Slap_835,NEGATIVE
Slap_1962,NEGATIVE
Slap_2876,POSITIVE
Slap_2141,POSITIVE
Slap_2034,NEGATIVE
Slap_2669,NEGATIVE
Slap_2895,POSITIVE
Slap_2181,NEGATIVE
Slap_1529,POSITIVE
Slap_1752,NEUTRAL
Slap_695,POSITIVE
Slap_2291,POSITIVE
Slap_2481,POSITIVE
Slap_1893,NEGATIVE
Slap_2649,POSITIVE
Slap_3072,NEUTRAL
Slap_1196,MIXED
Slap_761,NEGATIVE
Slap_2096,MIXED
Slap_714,POSITIVE
Slap_1973,NEGATIVE
Slap_2304,NEUTRAL
Slap_2276,POSITIVE
Slap_1953,NEGATIVE
Slap_2755,POSITIVE
Slap_744,NEGATIVE
Slap_1963,NEGATIVE
Slap_70,POSITIVE
Slap_151,POSITIVE
Slap_1734,NEGATIVE
Slap_1617,POSITIVE
Slap_1476,POSITIVE
Slap_1623,NEGATIVE
Slap_451,POSITIVE
Slap_2956,POSITIVE
Slap_720,NEUTRAL
Slap_740,POSITIVE
Slap_2564,NEUTRAL
Slap_3016,POSITIVE
Slap_2778,NEGATIVE
Slap_2174,POSITIVE
Slap_1378,NEGATIVE
Slap_2999,NEUTRAL
Slap_222,MIXED
Slap_1189,NEGATIVE
Slap_2070,NEGATIVE
Slap_2076,POSITIVE
Slap_612,NEUTRAL
Slap_2706,NEGATIVE
Slap_2954,NEGATIVE
Slap_1874,NEGATIVE
Slap_1546,NEUTRAL
Slap_2003,NEGATIVE
Slap_1180,NEUTRAL
Slap_809,NEGATIVE
Slap_799,NEGATIVE
Slap_1668,NEGATIVE
Slap_274,NEGATIVE
Slap_2128,POSITIVE
Slap_2456,POSITIVE
Slap_353,NEGATIVE
Slap_2290,POSITIVE
Slap_347,NEGATIVE
Slap_655,POSITIVE
Slap_2510,POSITIVE
Slap_884,NEGATIVE
Slap_2785,NEGATIVE
Slap_2443,POSITIVE
Slap_81,POSITIVE
Slap_2114,NEUTRAL
Slap_764,NEUTRAL
Slap_435,NEGATIVE
Slap_914,NEGATIVE
Slap_1776,POSITIVE
Slap_1212,NEGATIVE
Slap_2845,POSITIVE
Slap_756,NEGATIVE
Slap_2600,POSITIVE
Slap_1696,MIXED
Slap_1479,POSITIVE
Slap_2909,NEGATIVE
Slap_2937,POSITIVE
Slap_453,NEUTRAL
Slap_2077,POSITIVE
Slap_2622,POSITIVE
Slap_970,NEUTRAL
Slap_2414,NEGATIVE
Slap_832,NEGATIVE
Slap_1064,NEUTRAL
Slap_2130,POSITIVE
Slap_2626,POSITIVE
Slap_1315,NEGATIVE
Slap_2756,POSITIVE
Slap_1446,NEGATIVE
Slap_922,NEUTRAL
Slap_2797,NEGATIVE
Slap_2863,POSITIVE
Slap_240,POSITIVE
Slap_1393,NEGATIVE
Slap_1080,POSITIVE
Slap_532,POSITIVE
Slap_3047,NEGATIVE
Slap_1733,NEGATIVE
Slap_1532,NEUTRAL
Slap_640,NEGATIVE
Slap_2238,NEGATIVE
Slap_1580,POSITIVE
Slap_273,NEGATIVE
Slap_2679,NEGATIVE
Slap_2170,POSITIVE
Slap_2624,POSITIVE
Slap_1569,POSITIVE
Slap_3064,POSITIVE
Slap_2953,NEGATIVE
Slap_2129,POSITIVE
Slap_2075,POSITIVE
Slap_2710,POSITIVE
Slap_1373,NEGATIVE
Slap_1370,MIXED
Slap_1758,NEGATIVE
Slap_842,NEGATIVE
Slap_931,NEUTRAL
Slap_36,NEGATIVE
Slap_2967,NEUTRAL
Slap_1732,NEGATIVE
Slap_1063,POSITIVE
Slap_271,NEGATIVE
Slap_2478,POSITIVE
Slap_523,POSITIVE
Slap_1657,POSITIVE
Slap_1674,POSITIVE
Slap_1143,NEUTRAL
Slap_2927,NEGATIVE
Slap_2993,POSITIVE
Slap_2453,POSITIVE
Slap_515,NEUTRAL
Slap_2572,POSITIVE
Slap_2387,POSITIVE
Slap_2517,POSITIVE
Slap_990,NEGATIVE
Slap_1414,NEGATIVE
Slap_903,NEGATIVE
Slap_1602,POSITIVE
Slap_2231,POSITIVE
Slap_2828,POSITIVE
Slap_1824,NEGATIVE
Slap_2460,POSITIVE
Slap_2500,POSITIVE
Slap_1252,NEGATIVE
Slap_3007,NEGATIVE
Slap_1650,POSITIVE
Slap_1037,NEGATIVE
Slap_1620,NEGATIVE
Slap_285,NEGATIVE
Slap_3035,POSITIVE
Slap_2511,POSITIVE
Slap_2275,POSITIVE
Slap_1124,NEGATIVE
Slap_781,NEGATIVE
Slap_2987,POSITIVE
Slap_2133,POSITIVE
Slap_1364,NEGATIVE
Slap_2787,POSITIVE
Slap_948,NEGATIVE
Slap_2049,NEGATIVE
Slap_2988,POSITIVE
Slap_1385,NEGATIVE
Slap_1646,MIXED
Slap_2505,POSITIVE
Slap_768,NEGATIVE
Slap_214,POSITIVE
Slap_1263,NEUTRAL
Slap_142,NEGATIVE
Slap_2947,POSITIVE
Slap_2020,NEGATIVE
Slap_2451,POSITIVE
Slap_314,MIXED
Slap_2777,POSITIVE
Slap_1085,NEGATIVE
Slap_1906,NEGATIVE
Slap_124,NEGATIVE
Slap_732,NEGATIVE
Slap_3011,POSITIVE
Slap_1842,NEGATIVE
Slap_205,POSITIVE
Slap_1398,MIXED
Slap_1372,NEGATIVE
Slap_1400,NEGATIVE
Slap_1066,POSITIVE
Slap_344,NEGATIVE
Slap_2871,POSITIVE
Slap_312,POSITIVE
Slap_2795,NEGATIVE
Slap_1865,NEUTRAL
Slap_2973,POSITIVE
Slap_2612,POSITIVE
Slap_1283,NEGATIVE
Slap_1423,NEGATIVE
Slap_1072,POSITIVE
Slap_1739,POSITIVE
Slap_2419,NEUTRAL
Slap_1549,NEUTRAL
Slap_2086,NEGATIVE
Slap_300,NEUTRAL
Slap_851,NEGATIVE
Slap_1008,NEUTRAL
Slap_2261,POSITIVE
Slap_291,NEGATIVE
Slap_391,POSITIVE
Slap_1595,POSITIVE
Slap_2362,POSITIVE
Slap_116,MIXED
Slap_2647,NEUTRAL
Slap_980,NEGATIVE
Slap_668,MIXED
Slap_1106,NEGATIVE
Slap_140,NEGATIVE
Slap_1418,NEGATIVE
Slap_621,NEGATIVE
Slap_2360,MIXED
Slap_1126,NEGATIVE
Slap_1745,MIXED
Slap_39,NEGATIVE
Slap_3019,POSITIVE
Slap_2469,POSITIVE
Slap_1986,NEGATIVE
Slap_1088,MIXED
Slap_678,POSITIVE
Slap_625,NEGATIVE
Slap_2035,NEUTRAL
Slap_1921,NEGATIVE
Slap_1872,NEGATIVE
Slap_1413,NEGATIVE
Slap_2636,NEGATIVE
Slap_357,POSITIVE
Slap_3075,POSITIVE
Slap_3045,NEGATIVE
Slap_235,POSITIVE
Slap_3055,POSITIVE
Slap_2865,POSITIVE
Slap_1197,NEGATIVE
Slap_2676,NEGATIVE
Slap_2319,NEUTRAL
Slap_452,POSITIVE
Slap_2498,NEUTRAL
Slap_2515,POSITIVE
Slap_2320,POSITIVE
Slap_3083,NEUTRAL
Slap_2593,NEUTRAL
Slap_336,NEUTRAL
Slap_1616,POSITIVE
Slap_1062,NEGATIVE
Slap_2704,POSITIVE
Slap_1152,NEGATIVE
Slap_2747,POSITIVE
Slap_967,NEUTRAL
Slap_2501,POSITIVE
Slap_1801,NEGATIVE
Slap_2902,POSITIVE
Slap_2656,POSITIVE
Slap_652,POSITIVE
Slap_170,NEGATIVE
Slap_2047,NEGATIVE
Slap_2666,NEGATIVE
Slap_741,POSITIVE
Slap_1748,NEGATIVE
Slap_2246,POSITIVE
Slap_2032,NEGATIVE
Slap_150,POSITIVE
Slap_302,POSITIVE
Slap_204,POSITIVE
Slap_2080,MIXED
Slap_2780,NEGATIVE
Slap_1105,NEGATIVE
Slap_1484,POSITIVE
Slap_2506,POSITIVE
Slap_2281,MIXED
Slap_572,POSITIVE
Slap_15,POSITIVE
Slap_1489,POSITIVE
Slap_659,POSITIVE
Slap_25,POSITIVE
Slap_1043,NEGATIVE
Slap_97,NEGATIVE
Slap_1493,POSITIVE
Slap_2944,POSITIVE
Slap_107,NEGATIVE
Slap_1170,MIXED
Slap_2594,POSITIVE
Slap_3034,NEGATIVE
Slap_2735,NEGATIVE
Slap_1348,NEGATIVE
Slap_675,POSITIVE
Slap_1538,POSITIVE
Slap_1495,POSITIVE
Slap_2413,POSITIVE
Slap_2307,POSITIVE
Slap_2337,POSITIVE
Slap_2448,POSITIVE
Slap_2210,POSITIVE
Slap_2243,POSITIVE
Slap_1036,NEGATIVE
Slap_7,POSITIVE
Slap_560,POSITIVE
Slap_2495,NEGATIVE
Slap_1856,NEGATIVE
Slap_475,NEGATIVE
Slap_937,POSITIVE
Slap_555,POSITIVE
Slap_1420,NEGATIVE
Slap_2346,POSITIVE
Slap_433,NEGATIVE
Slap_968,NEUTRAL
Slap_1764,POSITIVE
Slap_2718,NEGATIVE
Slap_995,NEGATIVE
Slap_2219,POSITIVE
Slap_607,NEGATIVE
Slap_610,MIXED
Slap_3030,NEGATIVE
Slap_687,POSITIVE
Slap_388,POSITIVE
Slap_520,NEGATIVE
Slap_2610,POSITIVE
Slap_2266,NEGATIVE
Slap_1710,POSITIVE
Slap_1543,POSITIVE
Slap_1895,MIXED
Slap_1604,POSITIVE
Slap_1698,NEGATIVE
Slap_2437,NEUTRAL
Slap_2436,NEGATIVE
Slap_1968,MIXED
Slap_356,POSITIVE
Slap_2486,POSITIVE
Slap_1983,POSITIVE
Slap_2637,POSITIVE
Slap_2531,POSITIVE
Slap_1798,NEGATIVE
Slap_334,MIXED
Slap_1706,POSITIVE
Slap_547,POSITIVE
Slap_2977,NEGATIVE
Slap_1724,MIXED
Slap_2592,POSITIVE
Slap_1651,POSITIVE
Slap_533,NEGATIVE
Slap_2707,NEGATIVE
Slap_444,MIXED
Slap_1792,MIXED
Slap_1933,NEGATIVE
Slap_3041,NEUTRAL
Slap_1349,NEGATIVE
Slap_2490,NEGATIVE
Slap_1713,POSITIVE
Slap_1075,MIXED
Slap_2509,POSITIVE
Slap_2155,POSITIVE
Slap_377,POSITIVE
Slap_913,NEGATIVE
Slap_1379,NEGATIVE
Slap_3024,NEGATIVE
Slap_2159,POSITIVE
Slap_940,POSITIVE
Slap_2901,POSITIVE
Slap_2645,POSITIVE
Slap_2813,POSITIVE
Slap_2063,NEGATIVE
Slap_2154,POSITIVE
Slap_648,NEGATIVE
Slap_779,NEGATIVE
Slap_1022,NEGATIVE
Slap_1079,NEUTRAL
Slap_227,NEUTRAL
Slap_2655,POSITIVE
Slap_2466,POSITIVE
Slap_2213,POSITIVE
Slap_2673,MIXED
Slap_2773,NEUTRAL
Slap_1107,NEGATIVE
Slap_2870,POSITIVE
Slap_244,NEGATIVE
Slap_2132,NEGATIVE
Slap_938,POSITIVE
Slap_496,NEGATIVE
Slap_2015,NEGATIVE
Slap_1138,NEGATIVE
Slap_41,NEGATIVE
Slap_2250,POSITIVE
Slap_2654,POSITIVE
Slap_745,NEGATIVE
Slap_1531,POSITIVE
Slap_2768,NEUTRAL
Slap_2738,POSITIVE
Slap_1015,NEGATIVE
Slap_144,POSITIVE
Slap_2305,NEGATIVE
Slap_3044,NEUTRAL
Slap_2709,NEGATIVE
Slap_310,POSITIVE
Slap_19,POSITIVE
Slap_408,NEGATIVE
Slap_2426,POSITIVE
Slap_984,NEGATIVE
Slap_2117,NEGATIVE
Slap_2994,NEGATIVE
Slap_246,POSITIVE
Slap_2765,POSITIVE
Slap_1885,NEUTRAL
Slap_1952,NEGATIVE
Slap_1440,POSITIVE
Slap_2949,NEGATIVE
Slap_1206,NEGATIVE
Slap_109,NEGATIVE
Slap_1599,NEGATIVE
Slap_1050,NEGATIVE
Slap_1430,NEUTRAL
Slap_1942,NEGATIVE
Slap_2978,NEGATIVE
Slap_2288,POSITIVE
Slap_2702,NEUTRAL
Slap_3036,POSITIVE
Slap_209,POSITIVE
Slap_2157,POSITIVE
Slap_301,POSITIVE
Slap_1190,NEGATIVE
Slap_2021,NEGATIVE
Slap_333,POSITIVE
Slap_1436,NEGATIVE
Slap_2359,POSITIVE
Slap_2839,NEGATIVE
Slap_3077,POSITIVE
Slap_237,POSITIVE
Slap_219,POSITIVE
Slap_2532,NEGATIVE
Slap_1993,NEGATIVE
Slap_2497,NEUTRAL
Slap_888,NEGATIVE
Slap_1120,NEUTRAL
Slap_1174,NEUTRAL
Slap_2100,NEUTRAL
Slap_60,NEUTRAL
Slap_1454,NEGATIVE
Slap_2705,POSITIVE
Slap_1177,NEUTRAL
Slap_961,NEGATIVE
Slap_3026,NEGATIVE
Slap_2336,POSITIVE
Slap_2539,POSITIVE
Slap_2853,NEGATIVE
Slap_2976,NEGATIVE
Slap_1127,MIXED
Slap_1843,NEGATIVE
Slap_1128,NEGATIVE
Slap_1767,POSITIVE
Slap_1887,NEGATIVE
Slap_1880,MIXED
Slap_101,POSITIVE
Slap_792,NEGATIVE
Slap_1330,POSITIVE
Slap_3079,NEGATIVE
Slap_973,POSITIVE
Slap_2727,NEGATIVE
Slap_2791,POSITIVE
Slap_161,NEGATIVE
Slap_1494,NEUTRAL
Slap_1545,POSITIVE
Slap_1587,POSITIVE
Slap_1236,NEUTRAL
Slap_1911,NEGATIVE
Slap_275,NEGATIVE
Slap_191,NEGATIVE
Slap_2349,POSITIVE
Slap_2611,POSITIVE
Slap_2940,POSITIVE
Slap_2577,NEUTRAL
Slap_2933,POSITIVE
Slap_1208,NEGATIVE
Slap_2494,POSITIVE
Slap_2807,NEGATIVE
Slap_12,POSITIVE
Slap_986,NEGATIVE
Slap_61,NEGATIVE
Slap_2463,POSITIVE
Slap_2487,POSITIVE
Slap_1638,POSITIVE
Slap_3082,NEGATIVE
Slap_1909,NEUTRAL
Slap_2512,POSITIVE
Slap_2234,POSITIVE
Slap_405,NEGATIVE
Slap_1086,NEGATIVE
Slap_2504,NEUTRAL
Slap_793,NEGATIVE
Slap_956,NEGATIVE
Slap_2516,POSITIVE
Slap_2760,POSITIVE
Slap_1597,POSITIVE
Slap_1329,POSITIVE
Slap_2338,POSITIVE
Slap_2948,NEGATIVE
Slap_2027,NEUTRAL
Slap_2936,MIXED
Slap_684,POSITIVE
Slap_464,NEUTRAL
Slap_2762,MIXED
Slap_2440,NEUTRAL
Slap_1046,NEGATIVE
Slap_735,NEGATIVE
Slap_2821,NEGATIVE
Slap_1987,NEGATIVE
Slap_1327,NEGATIVE
Slap_1639,POSITIVE
Slap_1288,NEGATIVE
Slap_2959,POSITIVE
Slap_26,POSITIVE
Slap_1194,NEUTRAL
Slap_264,NEGATIVE
Slap_2214,POSITIVE
Slap_2806,NEGATIVE
Slap_1221,POSITIVE
Slap_1237,NEGATIVE
Slap_359,NEGATIVE
Slap_2690,NEGATIVE
Slap_2713,POSITIVE
Slap_2071,POSITIVE
Slap_2348,POSITIVE
Slap_1441,NEGATIVE
Slap_2860,POSITIVE
Slap_91,NEGATIVE
Slap_817,NEGATIVE
Slap_427,MIXED
Slap_3085,NEUTRAL
Slap_1139,NEGATIVE
Slap_1591,POSITIVE
Slap_1067,NEUTRAL
Slap_536,NEGATIVE
Slap_1434,NEGATIVE
Slap_293,NEGATIVE
Slap_2386,NEGATIVE
Slap_18,POSITIVE
Slap_1610,POSITIVE
Slap_2292,POSITIVE
Slap_2596,NEUTRAL
Slap_614,NEGATIVE
Slap_171,NEGATIVE
Slap_2753,POSITIVE
Slap_3,POSITIVE
Slap_1641,NEGATIVE
Slap_2814,NEGATIVE
Slap_43,NEGATIVE
Slap_1056,NEUTRAL
Slap_2996,NEGATIVE
Slap_3022,POSITIVE
Slap_1850,NEUTRAL
Slap_2368,POSITIVE
Slap_2233,POSITIVE
Slap_1613,POSITIVE
Slap_510,NEUTRAL
Slap_2353,POSITIVE
Slap_2563,POSITIVE
Slap_2306,NEUTRAL
Slap_1432,NEUTRAL
Slap_102,POSITIVE
Slap_2966,NEGATIVE
Slap_2211,POSITIVE
Slap_2819,NEGATIVE
Slap_1633,POSITIVE
Slap_1351,NEGATIVE
Slap_2220,POSITIVE
Slap_2723,POSITIVE
Slap_73,NEGATIVE
Slap_1082,NEGATIVE
Slap_2677,NEGATIVE
Slap_2588,POSITIVE
Slap_223,POSITIVE
Slap_1332,NEGATIVE
Slap_846,NEGATIVE
Slap_1455,NEGATIVE
Slap_162,POSITIVE
Slap_969,NEGATIVE
Slap_145,NEGATIVE
Slap_2187,POSITIVE
Slap_2812,POSITIVE
Slap_2899,MIXED
Slap_1028,NEGATIVE
Slap_87,POSITIVE
Slap_1997,NEGATIVE
Slap_2548,POSITIVE
Slap_953,NEGATIVE
Slap_1179,NEGATIVE
Slap_1876,NEUTRAL
Slap_2992,NEGATIVE
Slap_559,POSITIVE
Slap_1888,NEGATIVE
Slap_1738,POSITIVE
Slap_374,POSITIVE
Slap_1746,POSITIVE
Slap_79,MIXED
Slap_313,NEUTRAL
Slap_1694,POSITIVE
Slap_174,NEUTRAL
Slap_2452,POSITIVE
Slap_2751,POSITIVE
Slap_2524,POSITIVE
Slap_1598,POSITIVE
Slap_267,NEGATIVE
Slap_2182,POSITIVE
Slap_561,NEUTRAL
Slap_154,MIXED
Slap_100,NEUTRAL
Slap_1444,NEGATIVE
Slap_1796,NEGATIVE
Slap_753,NEGATIVE
Slap_411,NEGATIVE
Slap_988,NEGATIVE
Slap_1071,POSITIVE
Slap_2830,POSITIVE
Slap_2701,POSITIVE
Slap_2968,NEUTRAL
Slap_1723,POSITIVE
Slap_286,NEGATIVE
Slap_1411,NEGATIVE
Slap_1956,NEGATIVE
Slap_1469,NEUTRAL
Slap_2833,POSITIVE
Slap_298,NEUTRAL
Slap_1447,NEGATIVE
Slap_1810,POSITIVE
Slap_1419,NEGATIVE
Slap_1660,POSITIVE
Slap_459,NEGATIVE
Slap_2884,POSITIVE
Slap_2082,NEUTRAL
Slap_1391,NEGATIVE
Slap_2257,POSITIVE
Slap_2617,POSITIVE
Slap_2653,NEGATIVE
Slap_2674,NEGATIVE
Slap_519,MIXED
Slap_1534,NEGATIVE
Slap_105,MIXED
Slap_3065,POSITIVE
Slap_2057,NEGATIVE
Slap_251,MIXED
Slap_2073,NEGATIVE
Slap_2890,POSITIVE
Slap_508,NEGATIVE
Slap_2352,POSITIVE
Slap_1923,NEGATIVE
Slap_2631,POSITIVE
Slap_2851,NEGATIVE
Slap_2741,NEGATIVE
Slap_398,NEGATIVE
Slap_329,NEGATIVE
Slap_2069,MIXED
Slap_2081,POSITIVE
Slap_406,NEGATIVE
Slap_14,POSITIVE
Slap_1076,NEGATIVE
Slap_2395,POSITIVE
Slap_1562,NEUTRAL
Slap_2786,NEUTRAL
Slap_2724,NEUTRAL
Slap_854,NEGATIVE
Slap_253,NEGATIVE
Slap_881,NEUTRAL
Slap_486,MIXED
Slap_1487,POSITIVE
Slap_2508,NEUTRAL
Slap_2571,POSITIVE
Slap_1435,NEUTRAL
Slap_2748,POSITIVE
Slap_350,NEGATIVE
Slap_1925,NEGATIVE
Slap_2749,POSITIVE
Slap_769,NEUTRAL
Slap_3046,NEGATIVE
Slap_1596,MIXED
Slap_2736,NEGATIVE
Slap_1047,POSITIVE
Slap_762,NEGATIVE
Slap_113,NEGATIVE
Slap_2836,NEGATIVE
Slap_1459,NEGATIVE
Slap_2188,POSITIVE
Slap_2274,POSITIVE
Slap_2303,POSITIVE
Slap_2868,POSITIVE
Slap_169,NEGATIVE
Slap_2409,POSITIVE
Slap_1322,NEGATIVE
Slap_1740,MIXED
Slap_2239,POSITIVE
Slap_367,POSITIVE
Slap_335,POSITIVE
Slap_3042,POSITIVE
Slap_1481,POSITIVE
Slap_2491,MIXED
Slap_1648,POSITIVE
Slap_1869,POSITIVE
Slap_2763,MIXED
Slap_1457,NEGATIVE
Slap_763,NEGATIVE
Slap_1977,NEGATIVE
Slap_2156,NEUTRAL
Slap_626,NEGATIVE
Slap_3056,NEGATIVE
Slap_1879,NEGATIVE
Slap_2121,NEUTRAL
Slap_2420,NEUTRAL
Slap_2107,MIXED
Slap_907,NEGATIVE
Slap_160,POSITIVE
Slap_2926,NEGATIVE
Slap_1632,NEGATIVE
Slap_2142,NEUTRAL
Slap_348,POSITIVE
Slap_1377,NEUTRAL
Slap_2167,NEGATIVE
Slap_2932,NEGATIVE
Slap_2904,POSITIVE
Slap_440,POSITIVE
Slap_2671,NEGATIVE
Slap_1812,POSITIVE
Slap_639,NEUTRAL
Slap_2311,POSITIVE
Slap_2725,NEGATIVE
Slap_671,POSITIVE
Slap_831,NEGATIVE
Slap_111,MIXED
Slap_1564,POSITIVE
Slap_6,MIXED
Slap_98,NEGATIVE
Slap_2584,NEUTRAL
Slap_613,NEGATIVE
Slap_637,NEUTRAL
Slap_1061,POSITIVE
Slap_1226,NEUTRAL
Slap_2627,POSITIVE
Slap_1980,MIXED
Slap_2558,NEGATIVE
Slap_1026,NEGATIVE
Slap_2694,POSITIVE
Slap_1228,NEGATIVE
Slap_755,NEGATIVE
Slap_1947,NEGATIVE
Slap_3017,POSITIVE
Slap_319,POSITIVE
Slap_1406,NEGATIVE
Slap_22,POSITIVE
Slap_2576,NEUTRAL
Slap_1775,POSITIVE
Slap_2279,POSITIVE
Slap_2917,NEGATIVE
Slap_550,NEGATIVE
Slap_3076,NEUTRAL
Slap_1768,POSITIVE
Slap_1936,NEGATIVE
Slap_2859,NEGATIVE
Slap_2745,POSITIVE
Slap_2489,NEUTRAL
Slap_2203,NEUTRAL
Slap_1053,NEGATIVE
Slap_593,MIXED
Slap_354,NEGATIVE
Slap_2010,NEGATIVE
Slap_950,POSITIVE
Slap_2761,POSITIVE
Slap_822,NEGATIVE
Slap_771,NEGATIVE
Slap_577,POSITIVE
Slap_2247,POSITIVE
Slap_2267,POSITIVE
Slap_945,NEUTRAL
Slap_2160,POSITIVE
Slap_2254,MIXED
Slap_290,NEUTRAL
Slap_1467,NEGATIVE
Slap_608,NEGATIVE
Slap_255,NEGATIVE
Slap_395,NEGATIVE
Slap_1104,NEUTRAL
Slap_2922,POSITIVE
Slap_2398,POSITIVE
Slap_2581,NEUTRAL
Slap_1766,POSITIVE
Slap_2236,POSITIVE
Slap_1717,NEUTRAL
Slap_2766,NEUTRAL
Slap_448,POSITIVE
Slap_1225,NEUTRAL
Slap_207,POSITIVE
Slap_2805,NEGATIVE
Slap_1819,MIXED
Slap_904,NEGATIVE
Slap_2093,NEGATIVE
Slap_890,NEGATIVE
Slap_722,POSITIVE
Slap_575,NEUTRAL
Slap_494,MIXED
Slap_1310,NEUTRAL
Slap_1570,POSITIVE
Slap_1020,NEGATIVE
Slap_982,NEUTRAL
Slap_1783,POSITIVE
Slap_2090,POSITIVE
Slap_597,POSITIVE
Slap_454,POSITIVE
Slap_1321,NEUTRAL
Slap_2507,NEUTRAL
Slap_84,POSITIVE
Slap_834,POSITIVE
Slap_1449,NEGATIVE
Slap_566,POSITIVE
Slap_983,POSITIVE
Slap_2975,NEGATIVE
Slap_2684,POSITIVE
Slap_918,NEGATIVE
Slap_2144,POSITIVE
Slap_1361,NEGATIVE
Slap_2784,NEGATIVE
Slap_1805,POSITIVE
Slap_2597,MIXED
Slap_821,NEGATIVE
Slap_441,POSITIVE
Slap_1913,NEGATIVE
Slap_1793,POSITIVE
Slap_378,POSITIVE
Slap_1412,NEGATIVE
Slap_2963,POSITIVE
Slap_568,NEUTRAL
Slap_1202,NEGATIVE
Slap_1491,POSITIVE
Slap_1171,POSITIVE
Slap_1727,MIXED
Slap_2503,POSITIVE
Slap_3031,POSITIVE
Slap_2970,NEUTRAL
Slap_1483,MIXED
Slap_1084,NEGATIVE
Slap_120,NEGATIVE
Slap_1658,POSITIVE
Slap_3004,POSITIVE
Slap_2894,POSITIVE
Slap_1716,NEGATIVE
Slap_2734,NEGATIVE
Slap_2315,POSITIVE
Slap_1567,POSITIVE
Slap_387,POSITIVE
Slap_8,POSITIVE
Slap_403,NEGATIVE
Slap_2350,POSITIVE
Slap_1497,POSITIVE
Slap_280,NEGATIVE
Slap_1012,NEGATIVE
Slap_657,NEGATIVE
Slap_2764,NEUTRAL
Slap_2149,POSITIVE
Slap_926,NEGATIVE
Slap_682,POSITIVE
Slap_871,NEGATIVE
Slap_1744,MIXED
Slap_773,NEGATIVE
Slap_1659,POSITIVE
Slap_746,NEGATIVE
Slap_1358,NEGATIVE
Slap_108,NEGATIVE
Slap_1818,POSITIVE
Slap_1112,NEGATIVE
Slap_1576,POSITIVE
Slap_1409,NEGATIVE
Slap_458,NEGATIVE
Slap_1530,POSITIVE
Slap_1612,POSITIVE
Slap_2273,POSITIVE
Slap_2824,POSITIVE
Slap_2934,POSITIVE
Slap_624,NEGATIVE
Slap_2408,POSITIVE
Slap_2984,NEUTRAL
Slap_2565,POSITIVE
Slap_909,NEUTRAL
Slap_2347,NEUTRAL
Slap_1470,NEGATIVE
Slap_1601,NEGATIVE
Slap_1747,NEGATIVE
Slap_2537,NEUTRAL
Slap_2322,POSITIVE
Slap_1129,NEGATIVE
Slap_941,NEGATIVE
Slap_1154,NEUTRAL
Slap_1201,NEGATIVE
Slap_1558,POSITIVE
Slap_462,NEGATIVE
Slap_2248,POSITIVE
Slap_1097,NEGATIVE
Slap_1308,NEUTRAL
Slap_838,NEGATIVE
Slap_2477,POSITIVE
Slap_2226,POSITIVE
Slap_670,POSITIVE
Slap_1051,NEUTRAL
Slap_1216,NEGATIVE
Slap_1074,NEUTRAL
Slap_2401,NEUTRAL
Slap_1684,POSITIVE
Slap_2680,POSITIVE
Slap_1401,NEGATIVE
Slap_1803,NEGATIVE
Slap_1140,NEGATIVE
Slap_2143,POSITIVE
Slap_1778,NEGATIVE
Slap_1769,POSITIVE
Slap_2447,POSITIVE
Slap_2390,MIXED
Slap_1676,POSITIVE
Slap_27,POSITIVE
Slap_2619,POSITIVE
Slap_31,MIXED
Slap_2935,NEGATIVE
Slap_1369,NEUTRAL
Slap_3057,NEUTRAL
Slap_1001,NEGATIVE
Slap_830,NEGATIVE
Slap_2913,POSITIVE
Slap_32,NEGATIVE
Slap_1626,NEUTRAL
Slap_2067,POSITIVE
Slap_1184,NEGATIVE
Slap_2065,NEGATIVE
Slap_1187,NEGATIVE
Slap_711,NEGATIVE
Slap_2846,POSITIVE
Slap_2873,POSITIVE
Slap_653,NEUTRAL
Slap_1130,NEGATIVE
Slap_1902,NEGATIVE
Slap_1985,NEGATIVE
Slap_1730,POSITIVE
Slap_1540,POSITIVE
Slap_1794,POSITIVE
Slap_2407,POSITIVE
Slap_2827,POSITIVE
Slap_2960,POSITIVE
Slap_1972,NEGATIVE
Slap_2867,POSITIVE
Slap_592,MIXED
Slap_2134,POSITIVE
Slap_542,NEGATIVE
Slap_2373,NEGATIVE
Slap_44,NEGATIVE
Slap_1383,NEGATIVE
Slap_1846,NEGATIVE
Slap_578,POSITIVE
Slap_59,NEGATIVE
Slap_1811,POSITIVE
Slap_2313,NEUTRAL
Slap_3062,POSITIVE
Slap_2485,NEUTRAL
Slap_676,POSITIVE
Slap_1743,POSITIVE
Slap_2308,NEGATIVE
Slap_2689,NEGATIVE
Slap_2995,NEGATIVE
Slap_1625,POSITIVE
Slap_581,POSITIVE
Slap_700,NEGATIVE
Slap_2809,MIXED
Slap_1163,NEGATIVE
Slap_843,NEGATIVE
Slap_2625,POSITIVE
Slap_2173,NEUTRAL
Slap_2682,NEGATIVE
Slap_1817,POSITIVE
Slap_248,NEGATIVE
Slap_836,NEGATIVE
Slap_1682,POSITIVE
Slap_2952,NEGATIVE
Slap_879,MIXED
Slap_1592,POSITIVE
Slap_2101,POSITIVE
Slap_706,NEUTRAL
Slap_2482,POSITIVE
Slap_795,NEGATIVE
Slap_326,POSITIVE
Slap_1458,NEGATIVE
Slap_2084,POSITIVE
Slap_503,NEGATIVE
Slap_277,NEGATIVE
Slap_2105,POSITIVE
Slap_1268,NEGATIVE
Slap_2603,POSITIVE
Slap_213,NEGATIVE
Slap_2621,POSITIVE
Slap_2518,POSITIVE
Slap_62,NEGATIVE
Slap_445,MIXED
Slap_90,NEGATIVE
Slap_1366,NEGATIVE
Slap_1542,POSITIVE
Slap_456,MIXED
Slap_1892,NEGATIVE
Slap_1548,POSITIVE
Slap_582,POSITIVE
Slap_2875,POSITIVE
Slap_901,NEUTRAL
Slap_2880,NEGATIVE
Slap_2393,POSITIVE
Slap_2837,NEGATIVE
Slap_2547,POSITIVE
Slap_1070,NEGATIVE
Slap_99,NEGATIVE
Slap_1480,POSITIVE
Slap_3078,POSITIVE
Slap_2009,NEGATIVE
Slap_963,NEUTRAL
Slap_1645,NEUTRAL
Slap_2792,NEGATIVE
Slap_2575,NEGATIVE
Slap_571,POSITIVE
Slap_2011,NEGATIVE
Slap_2161,POSITIVE
Slap_3080,NEUTRAL
Slap_2583,NEUTRAL
Slap_2208,POSITIVE
Slap_2526,POSITIVE
Slap_396,NEGATIVE
Slap_2088,NEGATIVE
Slap_1799,NEUTRAL
Slap_1052,NEGATIVE
Slap_1922,NEGATIVE
Slap_2990,POSITIVE
Slap_701,NEGATIVE
Slap_828,NEGATIVE
Slap_3023,NEGATIVE
Slap_2961,NEGATIVE
Slap_2329,NEUTRAL
Slap_2000,POSITIVE
Slap_1528,NEUTRAL
Slap_772,NEUTRAL
Slap_1502,NEUTRAL
Slap_858,NEGATIVE
Slap_1173,POSITIVE
Slap_1647,POSITIVE
Slap_2488,NEGATIVE
Slap_1995,NEGATIVE
Slap_2820,POSITIVE
Slap_2083,POSITIVE
Slap_1060,NEUTRAL
Slap_2782,MIXED
Slap_1511,POSITIVE
Slap_563,POSITIVE
Slap_2668,NEGATIVE
Slap_1535,POSITIVE
Slap_2991,NEGATIVE
Slap_132,NEGATIVE
Slap_208,POSITIVE
Slap_2314,POSITIVE
Slap_634,NEGATIVE
Slap_1926,NEGATIVE
Slap_2417,NEGATIVE
Slap_500,NEUTRAL
Slap_859,NEGATIVE
Slap_1504,POSITIVE
Slap_158,NEGATIVE
Slap_2879,NEGATIVE
Slap_1565,POSITIVE
Slap_2854,NEGATIVE
Slap_2585,POSITIVE
Slap_2692,NEGATIVE
Slap_3018,POSITIVE
Slap_49,NEGATIVE
Slap_259,NEGATIVE
Slap_2146,POSITIVE
Slap_1399,NEGATIVE
Slap_2400,POSITIVE
Slap_1302,NEUTRAL
Slap_534,NEUTRAL
Slap_429,NEGATIVE
Slap_2301,NEGATIVE
Slap_2378,POSITIVE
Slap_2722,POSITIVE
Slap_1058,NEUTRAL
Slap_2252,POSITIVE
Slap_2781,NEGATIVE
Slap_927,NEGATIVE
Slap_2955,POSITIVE
Slap_2697,NEGATIVE
Slap_2357,NEGATIVE
Slap_1087,NEGATIVE
Slap_2529,NEGATIVE
Slap_2111,NEGATIVE
Slap_400,POSITIVE
Slap_2212,POSITIVE
Slap_2153,POSITIVE
Slap_443,POSITIVE
Slap_194,NEGATIVE
Slap_2620,NEGATIVE
Slap_1299,NEGATIVE
Slap_366,POSITIVE
Slap_2686,NEGATIVE
Slap_784,NEGATIVE
Slap_1496,POSITIVE
Slap_2602,MIXED
Slap_1450,POSITIVE
Slap_1410,NEGATIVE
Slap_2097,POSITIVE
Slap_1795,NEGATIVE
Slap_1614,POSITIVE
Slap_1392,NEGATIVE
Slap_697,POSITIVE
Slap_1159,NEGATIVE
Slap_2757,POSITIVE
Slap_278,NEGATIVE
Slap_2783,NEGATIVE
Slap_327,POSITIVE
Slap_2731,NEGATIVE
Slap_1749,MIXED
Slap_245,POSITIVE
Slap_1142,NEGATIVE
Slap_1438,NEGATIVE
Slap_952,NEGATIVE
Slap_1858,NEGATIVE
Slap_2235,POSITIVE
Slap_1182,NEGATIVE
Slap_2455,POSITIVE
Slap_1213,NEGATIVE
Slap_1924,NEGATIVE
Slap_2171,POSITIVE
Slap_552,MIXED
Slap_733,NEGATIVE
Slap_2242,POSITIVE
Slap_2085,POSITIVE
Slap_543,NEGATIVE
Slap_925,NEUTRAL
Slap_1771,POSITIVE
Slap_2258,MIXED
Slap_1960,POSITIVE
Slap_2223,NEGATIVE
Slap_23,POSITIVE
Slap_2711,POSITIVE
Slap_1606,NEGATIVE
Slap_1018,POSITIVE
Slap_2728,NEGATIVE
Slap_1964,NEGATIVE
Slap_2808,NEGATIVE
Slap_775,NEGATIVE
Slap_2424,NEUTRAL
Slap_1689,POSITIVE
Slap_1078,POSITIVE
Slap_1492,POSITIVE
Slap_808,NEUTRAL
Slap_1472,NEGATIVE
Slap_1038,MIXED
Slap_544,MIXED
Slap_1959,POSITIVE
Slap_315,POSITIVE
Slap_2573,POSITIVE
Slap_1996,NEUTRAL
Slap_1600,MIXED
Slap_719,POSITIVE
Slap_141,NEGATIVE
Slap_1255,NEUTRAL
Slap_667,POSITIVE
Slap_1992,NEGATIVE
Slap_2430,NEGATIVE
Slap_1021,NEGATIVE
Slap_1701,POSITIVE
Slap_811,NEGATIVE
Slap_504,POSITIVE
Slap_1845,NEGATIVE
Slap_2479,POSITIVE
Slap_1407,NEGATIVE
Slap_1113,NEGATIVE
Slap_2431,NEGATIVE
Slap_905,NEGATIVE
Slap_2196,POSITIVE
Slap_1878,NEGATIVE
Slap_758,NEGATIVE
Slap_1131,NEGATIVE
Slap_1295,NEGATIVE
Slap_112,NEGATIVE
Slap_1101,MIXED
Slap_1948,NEGATIVE
Slap_115,NEGATIVE
Slap_2332,POSITIVE
Slap_845,NEUTRAL
Slap_2914,POSITIVE
Slap_2318,POSITIVE
Slap_153,POSITIVE
Slap_1415,NEUTRAL
Slap_2946,POSITIVE
Slap_833,NEGATIVE
Slap_2106,POSITIVE
Slap_2595,POSITIVE
Slap_1966,NEGATIVE
Slap_617,NEGATIVE
Slap_2168,POSITIVE
Slap_1765,POSITIVE
Slap_778,NEGATIVE
Slap_1707,MIXED
Slap_2553,NEGATIVE
Slap_1485,POSITIVE
Slap_2672,POSITIVE
Slap_1258,NEGATIVE
Slap_63,NEGATIVE
Slap_3048,NEGATIVE
Slap_1552,POSITIVE
Slap_2112,NEUTRAL
Slap_2823,POSITIVE
Slap_1582,POSITIVE
Slap_2140,POSITIVE
Slap_908,NEGATIVE
Slap_2898,POSITIVE
Slap_29,NEGATIVE
Slap_2561,NEGATIVE
Slap_1039,NEGATIVE
Slap_2380,POSITIVE
Slap_349,POSITIVE
Slap_1309,NEGATIVE
Slap_2299,POSITIVE
Slap_712,POSITIVE
Slap_506,NEUTRAL
Slap_1175,POSITIVE
Slap_1049,NEGATIVE
Slap_265,NEGATIVE
Slap_394,NEUTRAL
Slap_152,POSITIVE
Slap_1284,NEGATIVE
Slap_1797,NEUTRAL
Slap_2272,NEUTRAL
Slap_848,MIXED
Slap_734,NEUTRAL
