tier,split,model,n_train,n_test,macro_f1,ci95_low,ci95_high,accuracy,f1_neg,f1_neu,f1_pos,sampled_text_leak,test_user_seen_in_train
A,random_row,majority,500000,100000,0.2884,0.2879,0.2889,0.7623,0.0,0.0,0.8651,0.09543,0.06958
A,random_row,length_only,500000,100000,0.3457,0.3428,0.3486,0.4646,0.2673,0.1498,0.6199,0.09543,0.06958
A,random_row,tfidf_lr,500000,100000,0.6911,0.6873,0.6948,0.851,0.7851,0.3583,0.9299,0.09543,0.06958
A,group_parent_asin,majority,500000,100000,0.2884,0.2878,0.289,0.7626,0.0,0.0,0.8653,0.09429,0.06996
A,group_parent_asin,length_only,500000,100000,0.3488,0.3456,0.3519,0.4653,0.2771,0.1535,0.6157,0.09429,0.06996
A,group_parent_asin,tfidf_lr,500000,100000,0.6911,0.6871,0.6952,0.8521,0.7846,0.3585,0.9304,0.09429,0.06996
A,group_user,majority,500000,100000,0.2889,0.2884,0.2895,0.7649,0.0,0.0,0.8668,0.09469,0.0
A,group_user,length_only,500000,100000,0.347,0.3443,0.3501,0.468,0.2632,0.1544,0.6234,0.09469,0.0
A,group_user,tfidf_lr,500000,100000,0.6917,0.6877,0.6958,0.8524,0.7812,0.363,0.931,0.09469,0.0
A,temporal,majority,500000,100000,0.2781,0.2774,0.2787,0.7156,0.0,0.0,0.8342,0.06156,0.03919
A,temporal,length_only,500000,100000,0.3509,0.3479,0.3539,0.4467,0.3343,0.1461,0.5724,0.06156,0.03919
A,temporal,tfidf_lr,500000,100000,0.6766,0.6734,0.68,0.8275,0.7911,0.3253,0.9135,0.06156,0.03919
B,random_row,hash_sgd_full,32946693,100000,0.6944,0.6906,0.6979,0.8382,0.7904,0.372,0.9209,,
B,group_parent_asin,hash_sgd_full,32740448,100000,0.6892,0.6857,0.6929,0.828,0.7839,0.3695,0.9144,,
B,group_user,hash_sgd_full,32935263,100000,0.692,0.6883,0.6954,0.8342,0.7852,0.3728,0.9179,,
B,temporal,hash_sgd_full,29441696,100000,0.6812,0.6779,0.6844,0.8156,0.8014,0.3401,0.9019,,
