seed,test_set,n_train,macro_f1
42,2013-2016_holdout,200000,0.6859
42,2017_matched,200000,0.6931
42,2017_natural,200000,0.6993
42,2018_matched,200000,0.6796
42,2018_natural,200000,0.6828
42,2019_matched,200000,0.665
42,2019_natural,200000,0.6605
42,2020_matched,200000,0.6666
42,2020_natural,200000,0.6645
42,2021_matched,200000,0.6557
42,2021_natural,200000,0.6607
42,2022_matched,200000,0.6467
42,2022_natural,200000,0.6606
42,2023_matched,200000,0.6542
42,2023_natural,200000,0.6633
43,2013-2016_holdout,200000,0.6856
43,2017_matched,200000,0.6944
43,2017_natural,200000,0.6997
43,2018_matched,200000,0.6781
43,2018_natural,200000,0.6815
43,2019_matched,200000,0.6615
43,2019_natural,200000,0.659
43,2020_matched,200000,0.6692
43,2020_natural,200000,0.6654
43,2021_matched,200000,0.6525
43,2021_natural,200000,0.6668
43,2022_matched,200000,0.645
43,2022_natural,200000,0.6589
43,2023_matched,200000,0.651
43,2023_natural,200000,0.6618
44,2013-2016_holdout,200000,0.6838
44,2017_matched,200000,0.6929
44,2017_natural,200000,0.6964
44,2018_matched,200000,0.683
44,2018_natural,200000,0.6816
44,2019_matched,200000,0.6661
44,2019_natural,200000,0.6583
44,2020_matched,200000,0.6694
44,2020_natural,200000,0.672
44,2021_matched,200000,0.6546
44,2021_natural,200000,0.6687
44,2022_matched,200000,0.6495
44,2022_natural,200000,0.6577
44,2023_matched,200000,0.6494
44,2023_natural,200000,0.6633
