yr,n,mean_rating,verified_ratio
1996,1,4.0,0.0
1998,9,4.778,0.0
1999,419,4.153,0.098
2000,3756,4.137,0.139
2001,6841,3.969,0.184
2002,9118,3.844,0.182
2003,12318,3.781,0.206
2004,17617,3.61,0.195
2005,33140,3.668,0.265
2006,54392,3.761,0.325
2007,125744,4.005,0.449
2008,157531,4.015,0.5
2009,209844,3.974,0.603
2010,309254,3.951,0.793
2011,513687,3.98,0.823
2012,800684,4.033,0.856
2013,1714533,4.122,0.918
2014,2478806,4.15,0.888
2015,3407531,4.174,0.94
2016,3758899,4.176,0.922
2017,3793378,4.136,0.923
2018,3911866,4.118,0.945
2019,4967808,4.197,0.955
2020,5726687,4.135,0.957
2021,5435774,4.021,0.952
2022,4524433,3.941,0.919
2023,1912874,3.993,0.886
