main_category,n
Computers,418868
All Electronics,376435
Camera & Photo,223690
Cell Phones & Accessories,138237
Home Audio & Theater,106516
,106334
Industrial & Scientific,50555
Car Electronics,27332
Tools & Home Improvement,24042
Amazon Home,21299
Office Products,21250
AMAZON FASHION,18391
Sports & Outdoors,14581
Automotive,13956
GPS & Navigation,9339
Amazon Devices,8484
Portable Audio & Accessories,8050
Musical Instruments,6668
Toys & Games,3944
Health & Personal Care,3073
All Beauty,1848
"Arts, Crafts & Sewing",1496
Apple Products,1078
Video Games,1042
Books,994
Baby,797
Pet Supplies,415
Software,388
Amazon Fire TV,248
Appliances,236
Grocery,195
Movies & TV,75
Buy a Kindle,67
Handmade,34
Fire Phone,31
Premium Beauty,6
Gift Cards,5
Collectible Coins,5
Digital Music,3
Magazine Subscriptions,2
