model,test_set,macro_f1
DistilRoBERTa,2013-2016_holdout,0.7377709925026714
DistilRoBERTa,2017_matched,0.7469173042428229
DistilRoBERTa,2017_natural,0.7432477198447178
DistilRoBERTa,2018_matched,0.7249804383995203
DistilRoBERTa,2018_natural,0.7271029726776984
DistilRoBERTa,2019_matched,0.7117026585890952
DistilRoBERTa,2019_natural,0.6977663771821621
DistilRoBERTa,2020_matched,0.706416136895056
DistilRoBERTa,2020_natural,0.7093537376944172
DistilRoBERTa,2021_matched,0.7008747702368877
DistilRoBERTa,2021_natural,0.7090417140276623
DistilRoBERTa,2022_matched,0.6863662067164805
DistilRoBERTa,2022_natural,0.7007080404744243
DistilRoBERTa,2023_matched,0.6967702360715323
DistilRoBERTa,2023_natural,0.7053557678276358
DistilRoBERTa (2019-20),2013-2016_holdout,0.7389093250052977
DistilRoBERTa (2019-20),2017_matched,0.7482855821627571
DistilRoBERTa (2019-20),2017_natural,0.7467662993594485
DistilRoBERTa (2019-20),2018_matched,0.7291762908706104
DistilRoBERTa (2019-20),2018_natural,0.7261734668521617
DistilRoBERTa (2019-20),2019_matched,0.7258362987588062
DistilRoBERTa (2019-20),2019_natural,0.7104446258194113
DistilRoBERTa (2019-20),2020_matched,0.7177863070383004
DistilRoBERTa (2019-20),2020_natural,0.7177865997125538
DistilRoBERTa (2019-20),2021_matched,0.718629708540136
DistilRoBERTa (2019-20),2021_natural,0.7186699089425233
DistilRoBERTa (2019-20),2022_matched,0.704939255849563
DistilRoBERTa (2019-20),2022_natural,0.7144925458942218
DistilRoBERTa (2019-20),2023_matched,0.7122818285043407
DistilRoBERTa (2019-20),2023_natural,0.7186153508792961
RoBERTa-base,2013-2016_holdout,0.7562903171280989
RoBERTa-base,2017_matched,0.7639295827324202
RoBERTa-base,2017_natural,0.7625944887673004
RoBERTa-base,2018_matched,0.7450334237284618
RoBERTa-base,2018_natural,0.7475083286050435
RoBERTa-base,2019_matched,0.7311911725576348
RoBERTa-base,2019_natural,0.7154514931540605
RoBERTa-base,2020_matched,0.7230621432360228
RoBERTa-base,2020_natural,0.7243458652741163
RoBERTa-base,2021_matched,0.7187125486299549
RoBERTa-base,2021_natural,0.7271535027282207
RoBERTa-base,2022_matched,0.7056503647842582
RoBERTa-base,2022_natural,0.7191780128751732
RoBERTa-base,2023_matched,0.7135521161932349
RoBERTa-base,2023_natural,0.7212951537024969
RoBERTa-base (2019-20),2013-2016_holdout,0.7605366098264881
RoBERTa-base (2019-20),2017_matched,0.7694715221251762
RoBERTa-base (2019-20),2017_natural,0.7660093261456448
RoBERTa-base (2019-20),2018_matched,0.7492653296611365
RoBERTa-base (2019-20),2018_natural,0.7509302058352633
RoBERTa-base (2019-20),2019_matched,0.7421771770461311
RoBERTa-base (2019-20),2019_natural,0.726521913964206
RoBERTa-base (2019-20),2020_matched,0.7325668567868878
RoBERTa-base (2019-20),2020_natural,0.7333237203447028
RoBERTa-base (2019-20),2021_matched,0.733029086161001
RoBERTa-base (2019-20),2021_natural,0.7375162790656374
RoBERTa-base (2019-20),2022_matched,0.7245449886886194
RoBERTa-base (2019-20),2022_natural,0.7290632003370475
RoBERTa-base (2019-20),2023_matched,0.7295647097864387
RoBERTa-base (2019-20),2023_natural,0.7351167737788363
TF-IDF 200k,2013-2016_holdout,0.6850900806933522
TF-IDF 200k,2017_matched,0.6934718208629685
TF-IDF 200k,2017_natural,0.6984649487470458
TF-IDF 200k,2018_matched,0.6802373024334148
TF-IDF 200k,2018_natural,0.6819903931828311
TF-IDF 200k,2019_matched,0.6641877536662177
TF-IDF 200k,2019_natural,0.6592503231467873
TF-IDF 200k,2020_matched,0.6683997915350193
TF-IDF 200k,2020_natural,0.6672976040167556
TF-IDF 200k,2021_matched,0.6542657230860464
TF-IDF 200k,2021_natural,0.6653815223880022
TF-IDF 200k,2022_matched,0.6470924826133007
TF-IDF 200k,2022_natural,0.6590719740931731
TF-IDF 200k,2023_matched,0.6515269773792318
TF-IDF 200k,2023_natural,0.6627989629521297
TF-IDF 200k (2019-20),2013-2016_holdout,0.6861334756426841
TF-IDF 200k (2019-20),2017_matched,0.6921714753543261
TF-IDF 200k (2019-20),2017_natural,0.6969165622635467
TF-IDF 200k (2019-20),2018_matched,0.680336192841903
TF-IDF 200k (2019-20),2018_natural,0.683437360420521
TF-IDF 200k (2019-20),2019_matched,0.6738958537330051
TF-IDF 200k (2019-20),2019_natural,0.6671981814727045
TF-IDF 200k (2019-20),2020_matched,0.6735877340910216
TF-IDF 200k (2019-20),2020_natural,0.6726945309915063
TF-IDF 200k (2019-20),2021_matched,0.6659430108941656
TF-IDF 200k (2019-20),2021_natural,0.6711892938717252
TF-IDF 200k (2019-20),2022_matched,0.6523851304331392
TF-IDF 200k (2019-20),2022_natural,0.6681845059289825
TF-IDF 200k (2019-20),2023_matched,0.6623142767685911
TF-IDF 200k (2019-20),2023_natural,0.6741214065570197
TF-IDF 500k,2013-2016_holdout,0.6948456185202462
TF-IDF 500k,2017_matched,0.7023912853270967
TF-IDF 500k,2017_natural,0.7045305648986893
TF-IDF 500k,2018_matched,0.6871067675022441
TF-IDF 500k,2018_natural,0.6896321832184168
TF-IDF 500k,2019_matched,0.673238290013383
TF-IDF 500k,2019_natural,0.6720065652213072
TF-IDF 500k,2020_matched,0.6728312575390376
TF-IDF 500k,2020_natural,0.6749189986943597
TF-IDF 500k,2021_matched,0.6660167202417774
TF-IDF 500k,2021_natural,0.6758028169498149
TF-IDF 500k,2022_matched,0.6565457489050245
TF-IDF 500k,2022_natural,0.6703076120597378
TF-IDF 500k,2023_matched,0.6634962202202915
TF-IDF 500k,2023_natural,0.6724149413505782
