model,test_set,seed,macro_f1
TF-IDF 500k,2013-2016_holdout,42,0.6927058406614801
TF-IDF 500k,2013-2016_holdout,43,0.6947971286040616
TF-IDF 500k,2013-2016_holdout,44,0.697033886295197
TF-IDF 500k,2017_matched,42,0.7042705152270962
TF-IDF 500k,2017_matched,43,0.7015947464363904
TF-IDF 500k,2017_matched,44,0.7013085943178038
TF-IDF 500k,2018_matched,42,0.6905004356714074
TF-IDF 500k,2018_matched,43,0.6835048485580907
TF-IDF 500k,2018_matched,44,0.6873150182772342
TF-IDF 500k,2019_matched,42,0.671165465383906
TF-IDF 500k,2019_matched,43,0.6724680520057272
TF-IDF 500k,2019_matched,44,0.6760813526505157
TF-IDF 500k,2020_matched,42,0.6754183363759093
TF-IDF 500k,2020_matched,43,0.67006232011794
TF-IDF 500k,2020_matched,44,0.6730131161232635
TF-IDF 500k,2021_matched,42,0.6655051355982319
TF-IDF 500k,2021_matched,43,0.6666579851644975
TF-IDF 500k,2021_matched,44,0.6658870399626028
TF-IDF 500k,2022_matched,42,0.6545052966753983
TF-IDF 500k,2022_matched,43,0.6593231128996525
TF-IDF 500k,2022_matched,44,0.6558088371400228
TF-IDF 500k,2023_matched,42,0.6642144159862212
TF-IDF 500k,2023_matched,43,0.6625543343553046
TF-IDF 500k,2023_matched,44,0.6637199103193487
TF-IDF 500k,2017_natural,42,0.7046586425518983
TF-IDF 500k,2017_natural,43,0.7071863333412285
TF-IDF 500k,2017_natural,44,0.701746718802941
TF-IDF 500k,2018_natural,42,0.6909233031312693
TF-IDF 500k,2018_natural,43,0.6883673872734274
TF-IDF 500k,2018_natural,44,0.6896058592505536
TF-IDF 500k,2019_natural,42,0.6731239173777098
TF-IDF 500k,2019_natural,43,0.6728728394740369
TF-IDF 500k,2019_natural,44,0.670022938812175
TF-IDF 500k,2020_natural,42,0.6790017921127881
TF-IDF 500k,2020_natural,43,0.675005585105717
TF-IDF 500k,2020_natural,44,0.670749618864574
TF-IDF 500k,2021_natural,42,0.6744045431264997
TF-IDF 500k,2021_natural,43,0.6727165949188461
TF-IDF 500k,2021_natural,44,0.6802873128040989
TF-IDF 500k,2022_natural,42,0.6669782304204362
TF-IDF 500k,2022_natural,43,0.6717859426248335
TF-IDF 500k,2022_natural,44,0.6721586631339437
TF-IDF 500k,2023_natural,42,0.6711406189789925
TF-IDF 500k,2023_natural,43,0.6766071693240958
TF-IDF 500k,2023_natural,44,0.6694970357486465
TF-IDF 200k,2013-2016_holdout,42,0.6858635610487238
TF-IDF 200k,2013-2016_holdout,43,0.6856411212763304
TF-IDF 200k,2013-2016_holdout,44,0.6837655597550026
TF-IDF 200k,2017_matched,42,0.6931258113170026
TF-IDF 200k,2017_matched,43,0.694371388964493
TF-IDF 200k,2017_matched,44,0.6929182623074103
TF-IDF 200k,2018_matched,42,0.6796086770460693
TF-IDF 200k,2018_matched,43,0.6780902727495214
TF-IDF 200k,2018_matched,44,0.683012957504654
TF-IDF 200k,2019_matched,42,0.6650075514548588
TF-IDF 200k,2019_matched,43,0.6614527919576342
TF-IDF 200k,2019_matched,44,0.6661029175861602
TF-IDF 200k,2020_matched,42,0.6666205579944885
TF-IDF 200k,2020_matched,43,0.6691599298883437
TF-IDF 200k,2020_matched,44,0.6694188867222256
TF-IDF 200k,2021_matched,42,0.6556569011442038
TF-IDF 200k,2021_matched,43,0.6525411760209251
TF-IDF 200k,2021_matched,44,0.6545990920930103
TF-IDF 200k,2022_matched,42,0.6467272914285161
TF-IDF 200k,2022_matched,43,0.6450172484307003
TF-IDF 200k,2022_matched,44,0.6495329079806854
TF-IDF 200k,2023_matched,42,0.6541722374213204
TF-IDF 200k,2023_matched,43,0.6510262696060386
TF-IDF 200k,2023_matched,44,0.6493824251103364
TF-IDF 200k,2017_natural,42,0.6992989100721129
TF-IDF 200k,2017_natural,43,0.6996612993400465
TF-IDF 200k,2017_natural,44,0.696434636828978
TF-IDF 200k,2018_natural,42,0.6828036098160343
TF-IDF 200k,2018_natural,43,0.6815496188441609
TF-IDF 200k,2018_natural,44,0.681617950888298
TF-IDF 200k,2019_natural,42,0.6604664837303075
TF-IDF 200k,2019_natural,43,0.6590307189186194
TF-IDF 200k,2019_natural,44,0.6582537667914351
TF-IDF 200k,2020_natural,42,0.6644749539871295
TF-IDF 200k,2020_natural,43,0.6653891019266565
TF-IDF 200k,2020_natural,44,0.6720287561364806
TF-IDF 200k,2021_natural,42,0.6606510185598923
TF-IDF 200k,2021_natural,43,0.6667756618013888
TF-IDF 200k,2021_natural,44,0.6687178868027254
TF-IDF 200k,2022_natural,42,0.6606380048897958
TF-IDF 200k,2022_natural,43,0.658890122722465
TF-IDF 200k,2022_natural,44,0.6576877946672582
TF-IDF 200k,2023_natural,42,0.6632685537768362
TF-IDF 200k,2023_natural,43,0.6618051287532449
TF-IDF 200k,2023_natural,44,0.663323206326308
DistilRoBERTa,2013-2016_holdout,42,0.7342966557221692
DistilRoBERTa,2013-2016_holdout,43,0.7381277239991219
DistilRoBERTa,2013-2016_holdout,44,0.7408885977867233
DistilRoBERTa,2017_matched,42,0.7472550117084702
DistilRoBERTa,2017_matched,43,0.743477436552121
DistilRoBERTa,2017_matched,44,0.7500194644678776
DistilRoBERTa,2018_matched,42,0.7220267361798225
DistilRoBERTa,2018_matched,43,0.7247612246235849
DistilRoBERTa,2018_matched,44,0.7281533543951535
DistilRoBERTa,2019_matched,42,0.710214908745376
DistilRoBERTa,2019_matched,43,0.7085431265047198
DistilRoBERTa,2019_matched,44,0.7163499405171899
DistilRoBERTa,2020_matched,42,0.7060297897871789
DistilRoBERTa,2020_matched,43,0.7051776830315863
DistilRoBERTa,2020_matched,44,0.7080409378664028
DistilRoBERTa,2021_matched,42,0.7020767386743633
DistilRoBERTa,2021_matched,43,0.6954089951030462
DistilRoBERTa,2021_matched,44,0.7051385769332535
DistilRoBERTa,2022_matched,42,0.6877239020856843
DistilRoBERTa,2022_matched,43,0.6797774790788672
DistilRoBERTa,2022_matched,44,0.6915972389848903
DistilRoBERTa,2023_matched,42,0.6941611798513675
DistilRoBERTa,2023_matched,43,0.6929020476068838
DistilRoBERTa,2023_matched,44,0.7032474807563457
DistilRoBERTa,2017_natural,42,0.7436364210526959
DistilRoBERTa,2017_natural,43,0.7407561157265933
DistilRoBERTa,2017_natural,44,0.7453506227548643
DistilRoBERTa,2018_natural,42,0.7277858992292435
DistilRoBERTa,2018_natural,43,0.72321044963662
DistilRoBERTa,2018_natural,44,0.7303125691672316
DistilRoBERTa,2019_natural,42,0.696028100221842
DistilRoBERTa,2019_natural,43,0.6963691149837453
DistilRoBERTa,2019_natural,44,0.7009019163408988
DistilRoBERTa,2020_natural,42,0.7061918986248178
DistilRoBERTa,2020_natural,43,0.70680916325898
DistilRoBERTa,2020_natural,44,0.715060151199454
DistilRoBERTa,2021_natural,42,0.7072672920480726
DistilRoBERTa,2021_natural,43,0.7068061403772674
DistilRoBERTa,2021_natural,44,0.7130517096576466
DistilRoBERTa,2022_natural,42,0.6982304881275466
DistilRoBERTa,2022_natural,43,0.6971454495131896
DistilRoBERTa,2022_natural,44,0.7067481837825363
DistilRoBERTa,2023_natural,42,0.7026608868778729
DistilRoBERTa,2023_natural,43,0.7022877450349793
DistilRoBERTa,2023_natural,44,0.7111186715700554
RoBERTa-base,2013-2016_holdout,42,0.755795523254638
RoBERTa-base,2013-2016_holdout,43,0.7560369521323497
RoBERTa-base,2013-2016_holdout,44,0.7570384759973091
RoBERTa-base,2017_matched,42,0.7660202024282462
RoBERTa-base,2017_matched,43,0.7588774236212738
RoBERTa-base,2017_matched,44,0.7668911221477405
RoBERTa-base,2018_matched,42,0.7431606387830118
RoBERTa-base,2018_matched,43,0.745207164343418
RoBERTa-base,2018_matched,44,0.7467324680589554
RoBERTa-base,2019_matched,42,0.7318225505096686
RoBERTa-base,2019_matched,43,0.7276849814170463
RoBERTa-base,2019_matched,44,0.7340659857461894
RoBERTa-base,2020_matched,42,0.7214889597776386
RoBERTa-base,2020_matched,43,0.7227900679609495
RoBERTa-base,2020_matched,44,0.7249074019694804
RoBERTa-base,2021_matched,42,0.7211214252347603
RoBERTa-base,2021_matched,43,0.7168372065912899
RoBERTa-base,2021_matched,44,0.7181790140638148
RoBERTa-base,2022_matched,42,0.7043186349203028
RoBERTa-base,2022_matched,43,0.7024371385834569
RoBERTa-base,2022_matched,44,0.7101953208490152
RoBERTa-base,2023_matched,42,0.7138079316481706
RoBERTa-base,2023_matched,43,0.7071083699074366
RoBERTa-base,2023_matched,44,0.7197400470240973
RoBERTa-base,2017_natural,42,0.7612425139135715
RoBERTa-base,2017_natural,43,0.7611231722617823
RoBERTa-base,2017_natural,44,0.7654177801265473
RoBERTa-base,2018_natural,42,0.745703793919236
RoBERTa-base,2018_natural,43,0.7463690422567302
RoBERTa-base,2018_natural,44,0.750452149639164
RoBERTa-base,2019_natural,42,0.7149603332284508
RoBERTa-base,2019_natural,43,0.7125902296471823
RoBERTa-base,2019_natural,44,0.7188039165865484
RoBERTa-base,2020_natural,42,0.7229114453353122
RoBERTa-base,2020_natural,43,0.7222623742453128
RoBERTa-base,2020_natural,44,0.7278637762417238
RoBERTa-base,2021_natural,42,0.7281211217696493
RoBERTa-base,2021_natural,43,0.7248256701088954
RoBERTa-base,2021_natural,44,0.7285137163061172
RoBERTa-base,2022_natural,42,0.7189860458312983
RoBERTa-base,2022_natural,43,0.716843656621827
RoBERTa-base,2022_natural,44,0.7217043361723942
RoBERTa-base,2023_natural,42,0.7188021494280123
RoBERTa-base,2023_natural,43,0.7199509026003218
RoBERTa-base,2023_natural,44,0.7251324090791561
TF-IDF 200k (2019-20),2013-2016_holdout,42,0.6856524848529775
TF-IDF 200k (2019-20),2013-2016_holdout,43,0.6882952977180037
TF-IDF 200k (2019-20),2013-2016_holdout,44,0.6844526443570712
TF-IDF 200k (2019-20),2017_matched,42,0.6905654753390623
TF-IDF 200k (2019-20),2017_matched,43,0.6928755311246194
TF-IDF 200k (2019-20),2017_matched,44,0.6930734195992967
TF-IDF 200k (2019-20),2018_matched,42,0.6785780254317576
TF-IDF 200k (2019-20),2018_matched,43,0.6821763842756541
TF-IDF 200k (2019-20),2018_matched,44,0.6802541688182977
TF-IDF 200k (2019-20),2019_matched,42,0.6761416389348374
TF-IDF 200k (2019-20),2019_matched,43,0.6710739291467371
TF-IDF 200k (2019-20),2019_matched,44,0.6744719931174409
TF-IDF 200k (2019-20),2020_matched,42,0.6712181892288734
TF-IDF 200k (2019-20),2020_matched,43,0.6757477236062347
TF-IDF 200k (2019-20),2020_matched,44,0.6737972894379564
TF-IDF 200k (2019-20),2021_matched,42,0.6650163869530418
TF-IDF 200k (2019-20),2021_matched,43,0.6651329719527043
TF-IDF 200k (2019-20),2021_matched,44,0.6676796737767511
TF-IDF 200k (2019-20),2022_matched,42,0.6517703390714457
TF-IDF 200k (2019-20),2022_matched,43,0.6528110843340272
TF-IDF 200k (2019-20),2022_matched,44,0.6525739678939447
TF-IDF 200k (2019-20),2023_matched,42,0.6606763060587393
TF-IDF 200k (2019-20),2023_matched,43,0.6639606260919374
TF-IDF 200k (2019-20),2023_matched,44,0.6623058981550969
TF-IDF 200k (2019-20),2017_natural,42,0.6966225537218276
TF-IDF 200k (2019-20),2017_natural,43,0.6952119071004791
TF-IDF 200k (2019-20),2017_natural,44,0.6989152259683333
TF-IDF 200k (2019-20),2018_natural,42,0.6884340463385888
TF-IDF 200k (2019-20),2018_natural,43,0.6797560714220223
TF-IDF 200k (2019-20),2018_natural,44,0.6821219635009516
TF-IDF 200k (2019-20),2019_natural,42,0.6665108422674911
TF-IDF 200k (2019-20),2019_natural,43,0.6653382143307082
TF-IDF 200k (2019-20),2019_natural,44,0.6697454878199144
TF-IDF 200k (2019-20),2020_natural,42,0.6739871014165785
TF-IDF 200k (2019-20),2020_natural,43,0.6741018536969582
TF-IDF 200k (2019-20),2020_natural,44,0.6699946378609826
TF-IDF 200k (2019-20),2021_natural,42,0.6718915051297693
TF-IDF 200k (2019-20),2021_natural,43,0.6729325204913633
TF-IDF 200k (2019-20),2021_natural,44,0.6687438559940432
TF-IDF 200k (2019-20),2022_natural,42,0.6681399276693383
TF-IDF 200k (2019-20),2022_natural,43,0.669107042714916
TF-IDF 200k (2019-20),2022_natural,44,0.6673065474026932
TF-IDF 200k (2019-20),2023_natural,42,0.6766756276098377
TF-IDF 200k (2019-20),2023_natural,43,0.6731440785719022
TF-IDF 200k (2019-20),2023_natural,44,0.6725445134893193
DistilRoBERTa (2019-20),2013-2016_holdout,42,0.7407905505007738
DistilRoBERTa (2019-20),2013-2016_holdout,43,0.7346530383533981
DistilRoBERTa (2019-20),2013-2016_holdout,44,0.7412843861617211
DistilRoBERTa (2019-20),2017_matched,42,0.7489475992228063
DistilRoBERTa (2019-20),2017_matched,43,0.749277277918538
DistilRoBERTa (2019-20),2017_matched,44,0.7466318693469267
DistilRoBERTa (2019-20),2018_matched,42,0.7310201743364155
DistilRoBERTa (2019-20),2018_matched,43,0.7291067059470677
DistilRoBERTa (2019-20),2018_matched,44,0.7274019923283478
DistilRoBERTa (2019-20),2019_matched,42,0.7275413263461665
DistilRoBERTa (2019-20),2019_matched,43,0.72423328705848
DistilRoBERTa (2019-20),2019_matched,44,0.7257342828717718
DistilRoBERTa (2019-20),2020_matched,42,0.719074966062116
DistilRoBERTa (2019-20),2020_matched,43,0.7183347446899783
DistilRoBERTa (2019-20),2020_matched,44,0.7159492103628068
DistilRoBERTa (2019-20),2021_matched,42,0.7210396527981257
DistilRoBERTa (2019-20),2021_matched,43,0.7196009948861314
DistilRoBERTa (2019-20),2021_matched,44,0.7152484779361511
DistilRoBERTa (2019-20),2022_matched,42,0.705959007753445
DistilRoBERTa (2019-20),2022_matched,43,0.7032253668879141
DistilRoBERTa (2019-20),2022_matched,44,0.7056333929073298
DistilRoBERTa (2019-20),2023_matched,42,0.7132137118878842
DistilRoBERTa (2019-20),2023_matched,43,0.7140507924433833
DistilRoBERTa (2019-20),2023_matched,44,0.7095809811817549
DistilRoBERTa (2019-20),2017_natural,42,0.7479584687324848
DistilRoBERTa (2019-20),2017_natural,43,0.7446379716757617
DistilRoBERTa (2019-20),2017_natural,44,0.747702457670099
DistilRoBERTa (2019-20),2018_natural,42,0.7264607162449677
DistilRoBERTa (2019-20),2018_natural,43,0.7281805712549293
DistilRoBERTa (2019-20),2018_natural,44,0.7238791130565883
DistilRoBERTa (2019-20),2019_natural,42,0.7106104604621412
DistilRoBERTa (2019-20),2019_natural,43,0.7130589907522746
DistilRoBERTa (2019-20),2019_natural,44,0.707664426243818
DistilRoBERTa (2019-20),2020_natural,42,0.7173558310094729
DistilRoBERTa (2019-20),2020_natural,43,0.7177234575356701
DistilRoBERTa (2019-20),2020_natural,44,0.7182805105925185
DistilRoBERTa (2019-20),2021_natural,42,0.7200941015999568
DistilRoBERTa (2019-20),2021_natural,43,0.7199942738512991
DistilRoBERTa (2019-20),2021_natural,44,0.715921351376314
DistilRoBERTa (2019-20),2022_natural,42,0.716081187392371
DistilRoBERTa (2019-20),2022_natural,43,0.7155094341188905
DistilRoBERTa (2019-20),2022_natural,44,0.711887016171404
DistilRoBERTa (2019-20),2023_natural,42,0.7197277438258513
DistilRoBERTa (2019-20),2023_natural,43,0.7177190723493583
DistilRoBERTa (2019-20),2023_natural,44,0.7183992364626786
RoBERTa-base (2019-20),2013-2016_holdout,42,0.7616877717188263
RoBERTa-base (2019-20),2013-2016_holdout,43,0.7627880184298444
RoBERTa-base (2019-20),2013-2016_holdout,44,0.7571340393307935
RoBERTa-base (2019-20),2017_matched,42,0.770772075163327
RoBERTa-base (2019-20),2017_matched,43,0.7699472405522134
RoBERTa-base (2019-20),2017_matched,44,0.7676952506599882
RoBERTa-base (2019-20),2018_matched,42,0.7503850815171553
RoBERTa-base (2019-20),2018_matched,43,0.7500910930055076
RoBERTa-base (2019-20),2018_matched,44,0.7473198144607465
RoBERTa-base (2019-20),2019_matched,42,0.7455853898734403
RoBERTa-base (2019-20),2019_matched,43,0.7424087005137094
RoBERTa-base (2019-20),2019_matched,44,0.7385374407512435
RoBERTa-base (2019-20),2020_matched,42,0.7333515278326868
RoBERTa-base (2019-20),2020_matched,43,0.732303261844395
RoBERTa-base (2019-20),2020_matched,44,0.7320457806835817
RoBERTa-base (2019-20),2021_matched,42,0.734103193978738
RoBERTa-base (2019-20),2021_matched,43,0.732868894629522
RoBERTa-base (2019-20),2021_matched,44,0.732115169874743
RoBERTa-base (2019-20),2022_matched,42,0.7287085842156569
RoBERTa-base (2019-20),2022_matched,43,0.7214267305200958
RoBERTa-base (2019-20),2022_matched,44,0.7234996513301057
RoBERTa-base (2019-20),2023_matched,42,0.7295247505076455
RoBERTa-base (2019-20),2023_matched,43,0.7304004141135882
RoBERTa-base (2019-20),2023_matched,44,0.7287689647380825
RoBERTa-base (2019-20),2017_natural,42,0.7642168139967094
RoBERTa-base (2019-20),2017_natural,43,0.7668955828383989
RoBERTa-base (2019-20),2017_natural,44,0.7669155816018264
RoBERTa-base (2019-20),2018_natural,42,0.7514569207363575
RoBERTa-base (2019-20),2018_natural,43,0.7494571611456556
RoBERTa-base (2019-20),2018_natural,44,0.7518765356237763
RoBERTa-base (2019-20),2019_natural,42,0.7279915947363823
RoBERTa-base (2019-20),2019_natural,43,0.7250674617350894
RoBERTa-base (2019-20),2019_natural,44,0.7265066854211462
RoBERTa-base (2019-20),2020_natural,42,0.7290274056829228
RoBERTa-base (2019-20),2020_natural,43,0.737647801276356
RoBERTa-base (2019-20),2020_natural,44,0.7332959540748294
RoBERTa-base (2019-20),2021_natural,42,0.741207507102024
RoBERTa-base (2019-20),2021_natural,43,0.7367759147182036
RoBERTa-base (2019-20),2021_natural,44,0.7345654153766845
RoBERTa-base (2019-20),2022_natural,42,0.7305113622436722
RoBERTa-base (2019-20),2022_natural,43,0.7290288085008237
RoBERTa-base (2019-20),2022_natural,44,0.7276494302666466
RoBERTa-base (2019-20),2023_natural,42,0.7356965276157634
RoBERTa-base (2019-20),2023_natural,43,0.7344796492751606
RoBERTa-base (2019-20),2023_natural,44,0.7351741444455852
