seed,test_set,model,n_train,n_test,macro_f1,ci95_low,ci95_high,accuracy,f1_neg,f1_neu,f1_pos,train_minutes
42,2013-2016_holdout,distilroberta-base,200000,20000,0.7343,0.7268,0.7426,0.8698,0.8165,0.4453,0.9411,18.5
42,2017_matched,distilroberta-base,200000,20000,0.7473,0.7383,0.756,0.8798,0.823,0.472,0.9467,18.5
42,2017_natural,distilroberta-base,200000,20000,0.7436,0.7354,0.7521,0.8824,0.8449,0.4386,0.9475,18.5
42,2018_matched,distilroberta-base,200000,20000,0.722,0.7139,0.7306,0.8672,0.805,0.4196,0.9415,18.5
42,2018_natural,distilroberta-base,200000,20000,0.7278,0.7201,0.7365,0.8711,0.8385,0.4038,0.9411,18.5
42,2019_matched,distilroberta-base,200000,20000,0.7102,0.7019,0.7191,0.8596,0.7927,0.401,0.937,18.5
42,2019_natural,distilroberta-base,200000,20000,0.696,0.6877,0.7045,0.8634,0.8162,0.3357,0.9362,18.5
42,2020_matched,distilroberta-base,200000,20000,0.706,0.6977,0.7144,0.8574,0.7976,0.3855,0.9349,18.5
42,2020_natural,distilroberta-base,200000,20000,0.7062,0.6982,0.7144,0.8603,0.8134,0.3691,0.9361,18.5
42,2021_matched,distilroberta-base,200000,20000,0.7021,0.6933,0.7103,0.8526,0.7829,0.3912,0.9321,18.5
42,2021_natural,distilroberta-base,200000,20000,0.7073,0.6993,0.7146,0.8509,0.826,0.3656,0.9301,18.5
42,2022_matched,distilroberta-base,200000,20000,0.6877,0.6797,0.6955,0.8363,0.7766,0.3661,0.9204,18.5
42,2022_natural,distilroberta-base,200000,20000,0.6982,0.6906,0.7056,0.8355,0.8167,0.3574,0.9206,18.5
42,2023_matched,distilroberta-base,200000,20000,0.6942,0.6867,0.7021,0.8438,0.7851,0.3715,0.9259,18.5
42,2023_natural,distilroberta-base,200000,20000,0.7027,0.6946,0.7107,0.8463,0.8229,0.3583,0.9268,18.5
43,2013-2016_holdout,distilroberta-base,200000,20000,0.7381,0.7294,0.7458,0.8721,0.8225,0.4511,0.9408,18.5
43,2017_matched,distilroberta-base,200000,20000,0.7435,0.7355,0.7519,0.8798,0.8243,0.4599,0.9463,18.5
43,2017_natural,distilroberta-base,200000,20000,0.7408,0.7332,0.7489,0.8824,0.8482,0.4275,0.9466,18.5
43,2018_matched,distilroberta-base,200000,20000,0.7248,0.7173,0.7324,0.8684,0.8158,0.4184,0.9401,18.5
43,2018_natural,distilroberta-base,200000,20000,0.7232,0.7147,0.7308,0.8706,0.8374,0.3922,0.94,18.5
43,2019_matched,distilroberta-base,200000,20000,0.7085,0.7001,0.7172,0.8593,0.7935,0.3962,0.9359,18.5
43,2019_natural,distilroberta-base,200000,20000,0.6964,0.6881,0.7046,0.8654,0.8199,0.3325,0.9367,18.5
43,2020_matched,distilroberta-base,200000,20000,0.7052,0.6975,0.7134,0.8579,0.7967,0.3842,0.9346,18.5
43,2020_natural,distilroberta-base,200000,20000,0.7068,0.6983,0.7149,0.8626,0.8193,0.3652,0.936,18.5
43,2021_matched,distilroberta-base,200000,20000,0.6954,0.6867,0.7046,0.8503,0.7833,0.3725,0.9305,18.5
43,2021_natural,distilroberta-base,200000,20000,0.7068,0.6986,0.7147,0.8524,0.828,0.3624,0.9299,18.5
43,2022_matched,distilroberta-base,200000,20000,0.6798,0.671,0.6878,0.8328,0.7727,0.3486,0.918,18.5
43,2022_natural,distilroberta-base,200000,20000,0.6971,0.69,0.7046,0.8363,0.8211,0.3511,0.9192,18.5
43,2023_matched,distilroberta-base,200000,20000,0.6929,0.6849,0.7016,0.8438,0.7836,0.37,0.9252,18.5
43,2023_natural,distilroberta-base,200000,20000,0.7023,0.6948,0.7103,0.8477,0.8249,0.3558,0.9262,18.5
44,2013-2016_holdout,distilroberta-base,200000,20000,0.7409,0.7329,0.7493,0.8777,0.8214,0.4561,0.9451,19.0
44,2017_matched,distilroberta-base,200000,20000,0.75,0.7419,0.7585,0.8868,0.8257,0.4734,0.9509,19.0
44,2017_natural,distilroberta-base,200000,20000,0.7454,0.7369,0.754,0.8884,0.8441,0.4404,0.9515,19.0
44,2018_matched,distilroberta-base,200000,20000,0.7282,0.7197,0.7364,0.8747,0.8099,0.4293,0.9453,19.0
44,2018_natural,distilroberta-base,200000,20000,0.7303,0.7222,0.7391,0.8774,0.8377,0.4086,0.9446,19.0
44,2019_matched,distilroberta-base,200000,20000,0.7163,0.7075,0.7245,0.8682,0.7941,0.4134,0.9416,19.0
44,2019_natural,distilroberta-base,200000,20000,0.7009,0.6923,0.7097,0.872,0.8189,0.343,0.9407,19.0
44,2020_matched,distilroberta-base,200000,20000,0.708,0.6999,0.7166,0.8649,0.7975,0.3865,0.9401,19.0
44,2020_natural,distilroberta-base,200000,20000,0.7151,0.7061,0.7238,0.8721,0.8182,0.3842,0.9429,19.0
44,2021_matched,distilroberta-base,200000,20000,0.7051,0.6962,0.7134,0.8609,0.7812,0.3966,0.9376,19.0
44,2021_natural,distilroberta-base,200000,20000,0.7131,0.7044,0.7216,0.8614,0.8274,0.3755,0.9363,19.0
44,2022_matched,distilroberta-base,200000,20000,0.6916,0.6829,0.7002,0.8469,0.7719,0.3752,0.9277,19.0
44,2022_natural,distilroberta-base,200000,20000,0.7067,0.6989,0.7145,0.8488,0.8166,0.3745,0.9291,19.0
44,2023_matched,distilroberta-base,200000,20000,0.7032,0.6945,0.7119,0.8563,0.7863,0.3903,0.9332,19.0
44,2023_natural,distilroberta-base,200000,20000,0.7111,0.7021,0.7195,0.8589,0.824,0.3751,0.9342,19.0
