test_set,model,mean,std
2013-2016_holdout,length_only,0.3384,0.0008
2013-2016_holdout,majority,0.2918,0.0
2013-2016_holdout,tfidf_lr,0.6953,0.004
2017_matched,length_only,0.3729,0.0009
2017_matched,majority,0.2924,0.0
2017_matched,tfidf_lr,0.706,0.0022
2017_natural,length_only,0.3776,0.0004
2017_natural,majority,0.2909,0.0
2017_natural,tfidf_lr,0.705,0.0009
2018_matched,length_only,0.3706,0.001
2018_matched,majority,0.2924,0.0
2018_matched,tfidf_lr,0.6876,0.001
2018_natural,length_only,0.3759,0.0006
2018_natural,majority,0.2888,0.0
2018_natural,tfidf_lr,0.6894,0.0009
2019_matched,length_only,0.3676,0.0008
2019_matched,majority,0.2924,0.0
2019_matched,tfidf_lr,0.6718,0.0011
2019_natural,length_only,0.373,0.0007
2019_natural,majority,0.2942,0.0
2019_natural,tfidf_lr,0.6707,0.0023
2020_matched,length_only,0.3586,0.0004
2020_matched,majority,0.2924,0.0
2020_matched,tfidf_lr,0.6717,0.0053
2020_natural,length_only,0.3583,0.0012
2020_natural,majority,0.2899,0.0
2020_natural,tfidf_lr,0.674,0.0018
2021_matched,length_only,0.3497,0.0007
2021_matched,majority,0.2924,0.0
2021_matched,tfidf_lr,0.6636,0.0028
2021_natural,length_only,0.3675,0.0015
2021_natural,majority,0.2817,0.0
2021_natural,tfidf_lr,0.676,0.0032
2022_matched,length_only,0.3381,0.0004
2022_matched,majority,0.2924,0.0
2022_matched,tfidf_lr,0.6539,0.0015
2022_natural,length_only,0.3592,0.0018
2022_natural,majority,0.2764,0.0
2022_natural,tfidf_lr,0.6691,0.0023
2023_matched,length_only,0.3311,0.0018
2023_matched,majority,0.2924,0.0
2023_matched,tfidf_lr,0.6613,0.0018
2023_natural,length_only,0.3578,0.0007
2023_natural,majority,0.282,0.0
2023_natural,tfidf_lr,0.6728,0.0031
