seed,test_set,model,n_test,macro_f1,ci95_low,ci95_high,accuracy,f1_neg,f1_neu,f1_pos
42,2013-2016_holdout,majority,20000,0.2918,,,0.7784,0.0,0.0,0.8754
42,2013-2016_holdout,length_only,20000,0.3387,,,0.4663,0.2714,0.1344,0.6103
42,2013-2016_holdout,tfidf_lr,20000,0.6908,0.6819,0.6992,0.8448,0.7662,0.3805,0.9257
42,2017_natural,majority,20000,0.2909,,,0.7743,0.0,0.0,0.8728
42,2017_natural,length_only,20000,0.3781,,,0.5607,0.3039,0.1242,0.7063
42,2017_natural,tfidf_lr,20000,0.7043,0.6957,0.7123,0.861,0.7983,0.3793,0.9352
42,2017_matched,majority,20000,0.2924,,,0.7814,0.0,0.0,0.8773
42,2017_matched,length_only,20000,0.3739,,,0.5565,0.2841,0.1313,0.7063
42,2017_matched,tfidf_lr,20000,0.7046,0.6967,0.7136,0.8567,0.7795,0.4021,0.9323
42,2018_natural,majority,20000,0.2888,,,0.7644,0.0,0.0,0.8665
42,2018_natural,length_only,20000,0.3755,,,0.5541,0.3156,0.1136,0.6974
42,2018_natural,tfidf_lr,20000,0.6895,0.6814,0.6981,0.8484,0.795,0.3469,0.9267
42,2018_matched,majority,20000,0.2924,,,0.7814,0.0,0.0,0.8773
42,2018_matched,length_only,20000,0.3718,,,0.5512,0.2819,0.1325,0.7009
42,2018_matched,tfidf_lr,20000,0.6881,0.6791,0.697,0.8446,0.7614,0.3772,0.9256
42,2019_natural,majority,20000,0.2942,,,0.7901,0.0,0.0,0.8827
42,2019_natural,length_only,20000,0.3723,,,0.5585,0.3063,0.1089,0.7016
42,2019_natural,tfidf_lr,20000,0.6733,0.6646,0.6817,0.8521,0.7842,0.3082,0.9276
42,2019_matched,majority,20000,0.2924,,,0.7814,0.0,0.0,0.8773
42,2019_matched,length_only,20000,0.3668,,,0.5432,0.2821,0.124,0.6943
42,2019_matched,tfidf_lr,20000,0.6707,0.6619,0.679,0.8371,0.7444,0.3448,0.9229
42,2020_natural,majority,20000,0.2899,,,0.7693,0.0,0.0,0.8696
42,2020_natural,length_only,20000,0.3596,,,0.5228,0.3028,0.1107,0.6652
42,2020_natural,tfidf_lr,20000,0.676,0.6678,0.6851,0.8433,0.7746,0.3293,0.9241
42,2020_matched,majority,20000,0.2924,,,0.7814,0.0,0.0,0.8773
42,2020_matched,length_only,20000,0.359,,,0.526,0.2753,0.1256,0.676
42,2020_matched,tfidf_lr,20000,0.6739,0.6654,0.6828,0.8368,0.7466,0.3534,0.9217
42,2021_natural,majority,20000,0.2817,,,0.7319,0.0,0.0,0.8452
42,2021_natural,length_only,20000,0.3691,,,0.5208,0.334,0.1164,0.6567
42,2021_natural,tfidf_lr,20000,0.6756,0.6679,0.6835,0.8324,0.7901,0.3202,0.9166
42,2021_matched,majority,20000,0.2924,,,0.7814,0.0,0.0,0.8773
42,2021_matched,length_only,20000,0.3505,,,0.5159,0.2733,0.1135,0.6645
42,2021_matched,tfidf_lr,20000,0.6656,0.6575,0.6734,0.8316,0.7356,0.3429,0.9184
42,2022_natural,majority,20000,0.2764,,,0.7083,0.0,0.0,0.8292
42,2022_natural,length_only,20000,0.3613,,,0.4827,0.3509,0.1277,0.6053
42,2022_natural,tfidf_lr,20000,0.6665,0.6589,0.6743,0.8175,0.7801,0.3121,0.9072
42,2022_matched,majority,20000,0.2924,,,0.7814,0.0,0.0,0.8773
42,2022_matched,length_only,20000,0.3382,,,0.4778,0.2641,0.1273,0.6233
42,2022_matched,tfidf_lr,20000,0.6537,0.646,0.6624,0.8221,0.7334,0.3162,0.9116
42,2023_natural,majority,20000,0.282,,,0.7331,0.0,0.0,0.846
42,2023_natural,length_only,20000,0.3571,,,0.4764,0.3389,0.1342,0.5984
42,2023_natural,tfidf_lr,20000,0.6704,0.6622,0.679,0.828,0.7826,0.3152,0.9134
42,2023_matched,majority,20000,0.2924,,,0.7814,0.0,0.0,0.8773
42,2023_matched,length_only,20000,0.3331,,,0.4657,0.2668,0.1246,0.6079
42,2023_matched,tfidf_lr,20000,0.6623,0.6541,0.6705,0.8267,0.7361,0.3364,0.9145
43,2013-2016_holdout,majority,20000,0.2918,,,0.7784,0.0,0.0,0.8754
43,2013-2016_holdout,length_only,20000,0.3375,,,0.4733,0.2763,0.119,0.6171
43,2013-2016_holdout,tfidf_lr,20000,0.6969,0.6882,0.7053,0.8476,0.7705,0.3934,0.9267
43,2017_natural,majority,20000,0.2909,,,0.7743,0.0,0.0,0.8728
43,2017_natural,length_only,20000,0.3774,,,0.5659,0.3081,0.1141,0.7101
43,2017_natural,tfidf_lr,20000,0.7048,0.6964,0.7136,0.8612,0.7999,0.3796,0.9348
43,2017_matched,majority,20000,0.2924,,,0.7814,0.0,0.0,0.8773
43,2017_matched,length_only,20000,0.3725,,,0.5597,0.2849,0.1237,0.7089
43,2017_matched,tfidf_lr,20000,0.7085,0.699,0.7169,0.8611,0.7815,0.4084,0.9354
43,2018_natural,majority,20000,0.2888,,,0.7644,0.0,0.0,0.8665
43,2018_natural,length_only,20000,0.3756,,,0.5594,0.3195,0.1063,0.7009
43,2018_natural,tfidf_lr,20000,0.6885,0.68,0.6969,0.8489,0.7945,0.3436,0.9273
43,2018_matched,majority,20000,0.2924,,,0.7814,0.0,0.0,0.8773
43,2018_matched,length_only,20000,0.37,,,0.5558,0.2855,0.1201,0.7045
43,2018_matched,tfidf_lr,20000,0.6865,0.6785,0.695,0.8461,0.759,0.3725,0.928
43,2019_natural,majority,20000,0.2942,,,0.7901,0.0,0.0,0.8827
43,2019_natural,length_only,20000,0.3731,,,0.5635,0.3098,0.1045,0.705
43,2019_natural,tfidf_lr,20000,0.6698,0.6612,0.6781,0.8514,0.7808,0.3004,0.9281
43,2019_matched,majority,20000,0.2924,,,0.7814,0.0,0.0,0.8773
43,2019_matched,length_only,20000,0.3677,,,0.5486,0.2874,0.118,0.6977
43,2019_matched,tfidf_lr,20000,0.6728,0.6646,0.6817,0.84,0.7484,0.3458,0.9241
43,2020_natural,majority,20000,0.2899,,,0.7693,0.0,0.0,0.8696
43,2020_natural,length_only,20000,0.3572,,,0.5276,0.305,0.0971,0.6694
43,2020_natural,tfidf_lr,20000,0.6727,0.6646,0.6809,0.8406,0.7746,0.3208,0.9226
43,2020_matched,majority,20000,0.2924,,,0.7814,0.0,0.0,0.8773
43,2020_matched,length_only,20000,0.3587,,,0.5311,0.2796,0.1166,0.6798
43,2020_matched,tfidf_lr,20000,0.6755,0.6668,0.6841,0.8418,0.7547,0.3469,0.9248
43,2021_natural,majority,20000,0.2817,,,0.7319,0.0,0.0,0.8452
43,2021_natural,length_only,20000,0.367,,,0.5266,0.3377,0.1016,0.6617
43,2021_natural,tfidf_lr,20000,0.6794,0.6717,0.6873,0.835,0.7923,0.328,0.918
43,2021_matched,majority,20000,0.2924,,,0.7814,0.0,0.0,0.8773
43,2021_matched,length_only,20000,0.3492,,,0.5208,0.2762,0.1028,0.6685
43,2021_matched,tfidf_lr,20000,0.6647,0.6564,0.6734,0.8312,0.734,0.3411,0.9189
43,2022_natural,majority,20000,0.2764,,,0.7083,0.0,0.0,0.8292
43,2022_natural,length_only,20000,0.3583,,,0.4869,0.3518,0.1136,0.6094
43,2022_natural,tfidf_lr,20000,0.6702,0.6628,0.6783,0.8216,0.7812,0.3191,0.9103
43,2022_matched,majority,20000,0.2924,,,0.7814,0.0,0.0,0.8773
43,2022_matched,length_only,20000,0.3376,,,0.483,0.2661,0.1183,0.6283
43,2022_matched,tfidf_lr,20000,0.6525,0.6435,0.6606,0.8215,0.7308,0.3152,0.9116
43,2023_natural,majority,20000,0.282,,,0.7331,0.0,0.0,0.846
43,2023_natural,length_only,20000,0.358,,,0.4819,0.3418,0.1296,0.6025
43,2023_natural,tfidf_lr,20000,0.6718,0.6638,0.6801,0.829,0.7828,0.3189,0.9136
43,2023_matched,majority,20000,0.2924,,,0.7814,0.0,0.0,0.8773
43,2023_matched,length_only,20000,0.3298,,,0.4699,0.2684,0.1086,0.6123
43,2023_matched,tfidf_lr,20000,0.6592,0.6509,0.6669,0.8296,0.7334,0.3267,0.9176
44,2013-2016_holdout,majority,20000,0.2918,,,0.7784,0.0,0.0,0.8754
44,2013-2016_holdout,length_only,20000,0.339,,,0.4763,0.2771,0.1196,0.6205
44,2013-2016_holdout,tfidf_lr,20000,0.6983,0.6901,0.7066,0.8481,0.7781,0.3902,0.9264
44,2017_natural,majority,20000,0.2909,,,0.7743,0.0,0.0,0.8728
44,2017_natural,length_only,20000,0.3774,,,0.5671,0.307,0.1138,0.7114
44,2017_natural,tfidf_lr,20000,0.706,0.6976,0.7146,0.8629,0.8009,0.3809,0.9361
44,2017_matched,majority,20000,0.2924,,,0.7814,0.0,0.0,0.8773
44,2017_matched,length_only,20000,0.3723,,,0.5613,0.2847,0.1217,0.7105
44,2017_matched,tfidf_lr,20000,0.7049,0.6966,0.7136,0.8565,0.7759,0.4061,0.9327
44,2018_natural,majority,20000,0.2888,,,0.7644,0.0,0.0,0.8665
44,2018_natural,length_only,20000,0.3765,,,0.5613,0.3198,0.1068,0.7028
44,2018_natural,tfidf_lr,20000,0.6902,0.6817,0.6988,0.8515,0.7964,0.3458,0.9286
44,2018_matched,majority,20000,0.2924,,,0.7814,0.0,0.0,0.8773
44,2018_matched,length_only,20000,0.3701,,,0.5577,0.2853,0.1184,0.7066
44,2018_matched,tfidf_lr,20000,0.6882,0.6801,0.6971,0.8465,0.7631,0.3747,0.9269
44,2019_natural,majority,20000,0.2942,,,0.7901,0.0,0.0,0.8827
44,2019_natural,length_only,20000,0.3737,,,0.5654,0.3102,0.1042,0.7067
44,2019_natural,tfidf_lr,20000,0.6691,0.661,0.6776,0.8493,0.779,0.3025,0.9257
44,2019_matched,majority,20000,0.2924,,,0.7814,0.0,0.0,0.8773
44,2019_matched,length_only,20000,0.3684,,,0.5502,0.2873,0.1188,0.6991
44,2019_matched,tfidf_lr,20000,0.6719,0.6628,0.6797,0.8392,0.7454,0.3462,0.924
44,2020_natural,majority,20000,0.2899,,,0.7693,0.0,0.0,0.8696
44,2020_natural,length_only,20000,0.358,,,0.5297,0.3048,0.0976,0.6715
44,2020_natural,tfidf_lr,20000,0.6733,0.665,0.6817,0.8413,0.7701,0.327,0.923
44,2020_matched,majority,20000,0.2924,,,0.7814,0.0,0.0,0.8773
44,2020_matched,length_only,20000,0.3582,,,0.5323,0.2792,0.1139,0.6814
44,2020_matched,tfidf_lr,20000,0.6657,0.6576,0.6744,0.8366,0.7461,0.3291,0.9218
44,2021_natural,majority,20000,0.2817,,,0.7319,0.0,0.0,0.8452
44,2021_natural,length_only,20000,0.3663,,,0.528,0.3374,0.098,0.6635
44,2021_natural,tfidf_lr,20000,0.673,0.665,0.681,0.8318,0.7858,0.3164,0.9167
44,2021_matched,majority,20000,0.2924,,,0.7814,0.0,0.0,0.8773
44,2021_matched,length_only,20000,0.3493,,,0.5226,0.276,0.1013,0.6707
44,2021_matched,tfidf_lr,20000,0.6604,0.6514,0.6683,0.8306,0.7288,0.3333,0.9191
44,2022_natural,majority,20000,0.2764,,,0.7083,0.0,0.0,0.8292
44,2022_natural,length_only,20000,0.3581,,,0.4881,0.3516,0.1116,0.6111
44,2022_natural,tfidf_lr,20000,0.6707,0.6625,0.6784,0.8217,0.779,0.3224,0.9106
44,2022_matched,majority,20000,0.2924,,,0.7814,0.0,0.0,0.8773
44,2022_matched,length_only,20000,0.3384,,,0.4851,0.2658,0.1186,0.6308
44,2022_matched,tfidf_lr,20000,0.6555,0.6471,0.664,0.8228,0.7306,0.324,0.9119
44,2023_natural,majority,20000,0.282,,,0.7331,0.0,0.0,0.846
44,2023_natural,length_only,20000,0.3584,,,0.4836,0.3414,0.1291,0.6048
44,2023_natural,tfidf_lr,20000,0.6763,0.6686,0.6852,0.8334,0.7864,0.3266,0.9159
44,2023_matched,majority,20000,0.2924,,,0.7814,0.0,0.0,0.8773
44,2023_matched,length_only,20000,0.3303,,,0.472,0.269,0.1071,0.6147
44,2023_matched,tfidf_lr,20000,0.6623,0.6541,0.6705,0.8297,0.7377,0.3331,0.9162
