item_id,n_key,n_key_and_label
70466,2,2
139772,2,2
158314,3,3
170083,2,2
256683,2,2
281564,2,2
296702,2,2
331695,2,2
410866,3,3
412024,2,2
418287,2,2
449991,3,3
468589,3,3
484043,2,2
583317,2,2
594058,2,2
638160,3,3
638217,2,2
652105,2,2
685670,2,2
748490,2,2
780533,2,2
790315,2,2
791945,2,2
820261,2,2
843264,2,2
875577,2,2
885876,2,2
896933,2,2
896934,2,2
909758,2,2
923707,2,2
957234,3,3
1070464,2,2
1170653,2,2
1181545,3,3
1210184,2,2
1234594,2,2
1286523,2,2
1290986,2,2
1400788,2,2
1403441,2,2
1441211,2,2
1469880,2,2
1559598,2,2
1560807,2,2
1564066,2,2
1572217,4,4
1575436,2,2
1696856,2,2
1716980,2,2
1725308,3,3
1771993,2,2
1830599,2,2
1846860,2,2
1944575,3,3
1991861,3,3
2078630,2,2
2206105,2,2
2221732,2,2
2384352,2,2
2401987,2,2
2416669,2,2
2678008,2,2
2738977,2,2
2764102,3,3
2833818,2,2
2915426,2,2
2947892,4,4
2966023,2,2
3009741,2,2
3027612,2,2
3104140,2,2
3110100,2,2
3174073,2,2
3288780,3,3
3294232,2,2
3408862,2,2
3408864,2,2
3419397,2,2
3491624,3,3
3580430,2,2
3758417,2,2
3815733,2,2
4129863,2,2
4129864,2,2
4226829,2,2
4339819,2,2
4407729,2,2
4442999,2,2
4657857,3,3
4724948,2,2
4835365,2,2
4842442,2,2
5038462,2,2
5038463,2,2
5045087,2,2
5056022,3,3
5058266,2,2
5058274,2,2
5111449,2,2
5130911,2,2
5277200,2,2
5440816,2,2
5665537,2,2
5735414,2,2
5793576,2,2
5836129,2,2
5920732,3,3
6059216,2,2
6080569,2,2
6130310,2,2
6173119,2,2
6234732,3,3
6245145,2,2
6274201,2,2
6364956,2,2
6382033,2,2
6391915,2,2
6435968,2,2
6484274,2,2
6541217,2,2
6601352,2,2
6626310,2,2
6672809,3,3
6848255,2,2
6913684,2,2
6934345,2,2
7148249,3,3
7270316,3,3
7364692,7,7
7398070,2,2
7427373,2,2
7494499,2,2
7556536,2,2
7576217,2,2
7576220,2,2
7635807,3,3
7638752,2,2
7703065,2,2
7775375,3,3
7849480,2,2
7902137,2,2
7939027,2,2
8065426,2,2
8339954,2,2
8516774,2,2
8585630,2,2
8640982,2,2
8691324,2,2
8934115,2,2
8960599,2,2
8978336,2,2
9080543,3,3
9114802,2,2
9146326,2,2
9169844,2,2
9215171,2,2
9311610,2,2
9325324,2,2
9478590,2,2
9501474,3,3
9579995,2,2
9594266,2,2
9622675,2,2
9720940,2,2
9892814,2,2
9956882,3,3
10009515,2,2
10009532,2,2
10018508,2,2
10024779,2,2
10034881,2,2
10072608,2,2
10115533,2,2
10142136,3,3
10220237,2,2
10245119,2,2
10283811,2,2
10301856,2,2
10510150,2,2
10549978,2,2
10586598,2,2
10607117,2,2
10688407,2,2
10880139,2,2
10880141,2,2
10897070,3,3
10930914,10,10
10930919,10,10
10946266,2,2
10976899,3,3
11000446,2,2
11131237,2,2
11277556,2,2
11455476,2,2
11660021,2,2
11695550,2,2
11711332,2,2
11712733,2,2
11732693,2,2
11732694,2,2
11823279,2,2
11830321,2,2
11856965,2,2
11935181,2,2
12172228,2,2
12273995,2,2
12368112,2,2
12368113,2,2
12585645,2,2
12619683,2,2
12662172,2,2
12708116,2,2
12722967,3,3
12764532,2,2
12785843,3,3
12793408,2,2
12827124,3,3
12827126,3,3
12922948,2,2
13004377,2,2
13015884,3,3
13125762,2,2
13125763,2,2
13190554,2,2
13222205,2,2
13258453,2,2
13359121,2,2
13709114,2,2
13847854,2,2
14008269,2,2
14021241,2,2
14067244,2,2
14110973,2,2
14344754,2,2
14598104,2,2
14603091,2,2
14623744,2,2
14721387,2,2
14791324,2,2
14839943,2,2
14886360,7,7
14918834,2,2
14981360,2,2
15073023,2,2
15112867,2,2
15134227,2,2
15247174,2,2
15317633,2,2
15355706,2,2
15435743,2,2
15459548,2,2
15649444,2,2
15700374,2,2
15700375,2,2
15711349,3,3
15732675,2,2
15732676,2,2
15761547,2,2
15790216,2,2
15809525,2,2
15837265,3,3
15974879,4,4
15991352,2,2
16123084,2,2
16194407,2,2
16240786,2,2
16318453,4,4
16370401,2,2
16392255,2,2
16544317,2,2
16596496,2,2
16692443,3,3
16692444,3,3
16862850,2,2
16993683,2,2
17059514,2,2
17085981,3,3
17260091,2,2
17534530,2,2
17682414,2,2
17848138,2,2
17922332,2,2
18019410,2,2
18209665,2,2
18296001,2,2
18312103,2,2
18312478,2,2
18460069,3,3
18503638,2,2
18599572,2,2
18599573,2,2
18654345,2,2
18905350,2,2
18907115,2,2
18914062,2,2
18933691,2,2
18971277,2,2
19088287,2,2
19241837,2,2
19289678,2,2
19289679,2,2
19386042,2,2
19557785,2,2
19563624,2,2
19701268,2,2
19910540,2,2
19912906,2,2
19917394,3,3
20007587,2,2
20039149,3,3
20107283,2,2
20175839,2,2
20184170,2,2
20220010,2,2
20291139,2,2
20339829,3,3
20339830,3,3
20440837,2,2
20500973,2,2
20572801,2,2
20644118,2,2
20662631,2,2
20731774,2,2
20744866,2,2
20789055,2,2
20871547,3,3
20941020,2,2
21043292,2,2
21300147,2,2
21318827,2,2
21381275,2,2
21490831,3,3
21498039,3,3
21604012,2,2
21624157,2,2
21647186,2,2
21750776,2,2
21775755,2,2
21871812,3,3
21917611,2,2
21933820,2,2
22037674,2,2
22060189,2,2
22103290,4,4
22107196,3,3
22204260,2,2
22282001,3,3
22289787,2,2
22402171,2,2
22403322,2,2
22523361,2,2
22691746,2,2
22816583,2,2
22835509,2,2
22859391,2,2
23020998,2,2
23422664,2,2
23485449,2,2
23554022,2,2
23558762,2,2
23593024,2,2
23673195,2,2
23807264,2,2
24201445,2,2
24276395,2,2
24428979,2,2
24442850,2,2
24456048,2,2
24471840,2,2
24560338,3,3
24573090,2,2
24586650,2,2
24630357,2,2
24638661,2,2
24661084,2,2
24994162,2,2
25393677,2,2
25683584,2,2
25684487,2,2
25710721,2,2
25824853,2,2
25961978,2,2
26031042,3,3
26032111,2,2
26065770,2,2
26118906,2,2
26123810,2,2
26129862,2,2
26137481,2,2
26392760,2,2
26859382,2,2
27019385,2,2
27078831,3,3
27180121,2,2
27277903,7,7
27359707,2,2
27435311,2,1
27441193,2,2
27441194,2,2
27522359,2,2
27523389,2,2
27568531,2,2
27572320,2,2
27681220,2,2
27683075,2,2
27829548,2,2
27873065,2,2
27963737,2,2
27983130,2,2
28004407,2,2
28008838,2,2
28100855,2,2
28177646,2,2
28206681,2,2
28277093,2,2
28323141,2,2
28406348,2,2
28487402,3,3
28765256,2,2
28835035,2,2
28864172,2,2
28936663,3,3
29286296,2,2
29405824,2,2
29413389,2,2
29476847,2,2
29498582,3,3
29546572,3,3
29887182,2,2
30122961,2,2
30228861,2,2
30315177,3,3
30434009,2,2
30460883,2,2
30466295,2,2
30663462,2,2
30776457,2,2
30776471,2,2
31042868,2,2
31054874,2,2
31182572,2,2
31283150,2,2
31434937,2,2
31451984,2,2
32376185,2,2
32464139,2,2
32617153,2,2
32680917,2,2
32706491,2,2
32831643,2,2
32891751,2,2
32988619,2,2
33368927,2,2
33424605,2,2
33447120,2,2
33591484,2,2
33612560,2,2
33634029,2,2
33755226,2,2
33905911,2,2
34142403,2,2
34406625,2,2
34594210,2,2
34731066,2,2
34753054,2,2
34773771,2,2
34836733,2,2
34864104,2,2
34927858,2,2
34964429,3,3
35042885,2,2
35140363,2,2
35242885,2,2
35596555,2,2
35803480,5,5
35923765,2,2
35932708,2,2
36128357,2,2
36155276,2,2
36331990,2,2
36645223,3,3
36680005,2,2
36728938,2,2
37371195,2,2
37566414,2,2
37572057,2,2
37659698,2,2
37839468,2,2
37839942,4,4
37839943,4,4
37898724,3,3
37905992,2,2
37907169,2,2
38275011,2,2
38297457,2,2
38336872,3,3
38336873,3,3
38565863,2,2
38971257,2,2
39257589,3,3
39360921,2,2
39613118,2,2
