item_id,asin,ts,rating
70466,B0007PGADE,1424559701000,4.0
70466,B0007SL4IW,1424559706000,4.0
139772,B084871D8H,1588364708289,5.0
139772,B08486NP2G,1588364736295,5.0
158314,B001P23Z36,1453063477000,3.0
158314,B001H9UGD4,1453063590000,3.0
158314,B00008KWWF,1453063801000,3.0
170083,B0061RJSWC,1421519733000,5.0
170083,B0060B7NCG,1421519754000,5.0
256683,B08262XP9F,1608304186073,5.0
256683,B07Z2RYWV5,1608304635208,5.0
281564,B0049UXA7C,1477411759000,5.0
281564,B0049UVHX6,1477411771000,5.0
296702,B00009KAQH,1403654684000,1.0
296702,B002PWUR2W,1444357757000,1.0
331695,B00H45K58Q,1447854793000,5.0
331695,B00HWQUKCS,1447854802000,5.0
410866,B00DUYD6E0,1418334658000,5.0
410866,B00C2DLI9A,1418334700000,5.0
410866,B00C2CA3N8,1418334743000,5.0
412024,B00GJ403BM,1454331909000,5.0
412024,B00GJ40AD8,1454331956000,5.0
418287,B07Y31SDVM,1606898368585,5.0
418287,B07Y31XQNY,1661282323628,5.0
449991,B00KO8W93E,1600887074814,5.0
449991,B00KO8W9RA,1600887385213,5.0
449991,B00KO8WABK,1600887405137,5.0
468589,B01MYUVTCG,1562770776900,5.0
468589,B01MYUX05Y,1562770791575,5.0
468589,B06VY5DQ1J,1562770803879,5.0
484043,B01IB1HIY0,1572669881031,5.0
484043,B01IB0Y1D2,1572669925611,5.0
583317,B01IXZRXAS,1601683565118,5.0
583317,B01IXYSE2A,1601683596777,5.0
594058,B00BMYQTYE,1424302697000,5.0
594058,B003PPGOC0,1424302846000,5.0
638160,B06XR44DKL,1559406686492,5.0
638160,B001AMHEU6,1559406865265,5.0
638160,B00523MJMW,1559409829712,5.0
638217,B004I2EDA4,1492127736000,5.0
638217,B004I2MP6I,1492127766000,5.0
652105,B0025UEQQW,1425567845000,4.0
652105,B00F19PYR4,1425567851000,4.0
685670,B0060B7NCG,1472091853000,5.0
685670,B003XM1WE0,1472091874000,5.0
748490,B0030W8UVQ,1393116066000,5.0
748490,B0058J4XWY,1393116077000,5.0
780533,B003EM6AQE,1418406537000,4.0
780533,B00E4LGU32,1420050187000,4.0
790315,B017SD8RWO,1581705595524,1.0
790315,B07XG1R56Q,1581705745744,1.0
791945,B00009X3RO,1467213051000,5.0
791945,B0000AE68P,1467213070000,5.0
820261,B073WWBHYK,1561053812591,5.0
820261,B07GB2RWV6,1570550248159,5.0
843264,B00K8ZMVZ4,1524882216684,1.0
843264,B01MYOYC9U,1524882330645,1.0
875577,B001NJOMUG,1406674187000,5.0
875577,B001NJSC0M,1406674198000,5.0
885876,B015O1L83C,1475664536000,4.0
885876,B00XAPCUX2,1539784341640,4.0
896933,B075L68C13,1570586120005,5.0
896933,B01N5AIYX2,1570586192532,5.0
896934,B075L68C13,1570586120005,5.0
896934,B01N5AIYX2,1570586192532,5.0
909758,B01018CW92,1493904923000,5.0
909758,B01018DC96,1493905004000,5.0
923707,B00IJXCAWQ,1480272317000,5.0
923707,B00IJXCNMI,1480272392000,5.0
957234,B00B46XKJW,1417868689000,5.0
957234,B00B46XJPC,1417868732000,5.0
957234,B00B46XKHY,1417868749000,5.0
1070464,B00D36MC0E,1409785203000,4.0
1070464,B00CUKHN0S,1409785212000,5.0
1170653,B009DMI3GY,1447603178000,5.0
1170653,B00K26H7CG,1447603213000,5.0
1181545,B00C2DZAIU,1407770855000,5.0
1181545,B00DUYD7YO,1407770999000,5.0
1181545,B00C2DLI9A,1407771123000,5.0
1210184,B01K1MPCYU,1497464535656,5.0
1210184,B01K1PEWZ2,1497464559456,5.0
1234594,B07D9JSM14,1589993030327,5.0
1234594,B07D9KQTSY,1589993200188,5.0
1286523,B005KWHJES,1367860003000,5.0
1286523,B0079MX4Q4,1367860037000,5.0
1290986,B00L2KIR9S,1576793143785,4.0
1290986,B076N5LYWJ,1576793158820,4.0
1400788,B001GTT0VO,1463700005000,5.0
1400788,B002MYQTEI,1463700015000,5.0
1403441,B00NIYJL64,1428689849000,5.0
1403441,B004536LUG,1428689861000,5.0
1441211,B001C4BEOY,1367597428000,5.0
1441211,B00193U3O0,1367597450000,5.0
1469880,B07ZTFJTXP,1585539880295,5.0
1469880,B07Y5GVJTT,1587787261387,5.0
1559598,B00193U3O0,1431788293000,5.0
1559598,B001C4BEOY,1431788305000,5.0
1560807,B001C4BEOY,1412287376000,5.0
1560807,B00193U3O0,1412287402000,5.0
1564066,B001C4BEOY,1411348003000,4.0
1564066,B00193U3O0,1411348026000,4.0
1572217,B001UCAESU,1391616027000,5.0
1572217,B001C4BEOY,1391616044000,5.0
1572217,B001PLCKUG,1391616071000,5.0
1572217,B001C4IV7M,1391616666000,5.0
1575436,B072152BWQ,1516726952277,5.0
1575436,B071G5YCS6,1516726962119,5.0
1696856,B08J7B8FGT,1609291897750,5.0
1696856,B08J7QFZJB,1609431241754,5.0
1716980,B087P6LTJW,1620679534800,5.0
1716980,B087P6GNN3,1620679549608,5.0
1725308,B076Z8J5PR,1566615669345,5.0
1725308,B076Z737L4,1566615698200,5.0
1725308,B076Z8VN95,1566615725440,5.0
1771993,B006EWUOL8,1404807818000,5.0
1771993,B0076W9Q5A,1404807969000,5.0
1830599,B073SBRHH6,1596914130414,4.0
1830599,B073SB2MXW,1596916737308,4.0
1846860,B01LXFKSNA,1572606389144,5.0
1846860,B074WDWVX1,1572606543792,5.0
1944575,B00B46XJQ6,1434617379000,5.0
1944575,B00B46XJ2K,1434617404000,5.0
1944575,B00B46XKK6,1434617420000,5.0
1991861,B003US4L4K,1383598875000,4.0
1991861,B003USCDNG,1383598882000,4.0
1991861,B003OR3H7Y,1383598884000,4.0
2078630,B00DQFGH80,1557407960601,5.0
2078630,B003M0NURK,1557407982505,5.0
2206105,B01G0AAEOK,1595346546969,5.0
2206105,B07Q5X4WPK,1595346589113,5.0
2221732,B003XM5DT0,1360379256000,5.0
2221732,B0061RJSWC,1360380390000,4.0
2384352,B00EGJHH0W,1431452345000,3.0
2384352,B00EGKW9XG,1431452351000,3.0
2401987,B00BFRD8GA,1414507472000,5.0
2401987,B000O8PRME,1414625440000,4.0
2416669,B01HDUTJ9C,1579016887289,5.0
2416669,B01HDUTJHY,1579017076006,5.0
2678008,B0008JF8U0,1463133618000,5.0
2678008,B0008JHB0K,1463133668000,5.0
2738977,B0074HYWFG,1413841045000,5.0
2738977,B0006D50RO,1413841069000,5.0
2764102,B00E4LGU1Y,1446171014000,5.0
2764102,B00E4LGTYC,1446171023000,5.0
2764102,B003EM6AQE,1446171032000,5.0
2833818,B002YPS6T6,1432650410000,5.0
2833818,B00481KO30,1432650412000,5.0
2915426,B009GUKOH4,1366399577000,5.0
2915426,B009GUXU52,1367020836000,5.0
2947892,B001I6K06O,1390849172000,5.0
2947892,B000LQQVDS,1390849315000,5.0
2947892,B000LQQVDI,1390849355000,5.0
2947892,B000LQPE5E,1390849530000,5.0
2966023,B00552QBNS,1399641044000,5.0
2966023,B001B1DVB2,1399641109000,5.0
3009741,B07Z91J4BQ,1676474076582,5.0
3009741,B07Z92TLD8,1676474216551,5.0
3027612,B00CCZ4CNM,1441925336000,4.0
3027612,B00CCZ4HA0,1441925359000,4.0
3104140,B005LJQM3Y,1420835348000,5.0
3104140,B004GW25WY,1420835355000,5.0
3110100,B01G5I6MYI,1481772982000,5.0
3110100,B01G5I6Q94,1481772992000,5.0
3174073,B01HDUTJC4,1609270376592,5.0
3174073,B01HDUTJ88,1609270401833,5.0
3288780,B00A2BWBNQ,1394587031000,5.0
3288780,B00A2BWAKK,1394587037000,5.0
3288780,B00A2BWAY6,1394587044000,5.0
3294232,B00EB7812C,1445207087000,5.0
3294232,B00FQ6K7TC,1445207141000,5.0
3408862,B005MR6LU4,1361487944000,5.0
3408862,B004LT2C5W,1361487974000,5.0
3408864,B005MR6LU4,1361487944000,5.0
3408864,B004LT2C5W,1361487974000,5.0
3419397,B009WA2NKY,1379038768000,5.0
3419397,B009WA4EBU,1379038791000,5.0
3491624,B0061RJSWC,1437599739000,5.0
3491624,B003XM9774,1437599772000,5.0
3491624,B003XM1WE0,1437599785000,5.0
3580430,B01LZZKYGY,1604287603888,5.0
3580430,B01M0B3EYO,1604287627508,5.0
3758417,B005LDLV6S,1465327352000,5.0
3758417,B006YG8X9Y,1465327359000,5.0
3815733,B0013V8K98,1394026517000,4.0
3815733,B0013V1T2I,1394026555000,4.0
4129863,B017DPVX3W,1549497223550,5.0
4129863,B01M7V7HZL,1549497294574,5.0
4129864,B017DPVX3W,1549497223550,5.0
4129864,B01M7V7HZL,1549497294574,5.0
4226829,B0186HKMTW,1577398008556,5.0
4226829,B0186HGF02,1577398066602,5.0
4339819,B000TGT4OS,1548716527793,5.0
4339819,B000TH3ALK,1548716536869,5.0
4407729,B001D55HHW,1453133604000,5.0
4407729,B001DZ6CDU,1453133612000,5.0
4442999,B00YA8LFPW,1599758703497,5.0
4442999,B013WP40KA,1602997253156,5.0
4657857,B01MXOVZTI,1559846233766,5.0
4657857,B01NA9TATV,1559846269869,5.0
4657857,B01NA9T8HY,1559846309341,5.0
4724948,B074WDWVX1,1560205772683,4.0
4724948,B01LXFKSNA,1560205812851,4.0
4835365,B006HW5E5Q,1427757938000,5.0
4835365,B006JSDLNK,1427757969000,5.0
4842442,B00Z7SP0WS,1551288463852,5.0
4842442,B00Z7SVXJC,1551288525401,5.0
5038462,B01HDUTJC4,1595555592893,1.0
5038462,B01HNMTCE2,1595555626935,1.0
5038463,B01HDUTJC4,1595555592893,1.0
5038463,B01HNMTCE2,1595555626935,1.0
5045087,B0014A4JWU,1453785661000,5.0
5045087,B00032AVN6,1453785679000,5.0
5056022,B00AY1HDFK,1453748940000,5.0
5056022,B00CKAV9D0,1453748952000,5.0
5056022,B005SSMSMM,1453749043000,5.0
5058266,B0024FB48Q,1426447778000,5.0
5058266,B0024FB46I,1426448537000,5.0
5058274,B0024FB48Q,1426447778000,5.0
5058274,B0024FB46I,1426448537000,5.0
5111449,B009UZ3TF4,1361410467000,5.0
5111449,B00A8LPVM8,1361410473000,5.0
5130911,B00UOQC9ZO,1501274575344,5.0
5130911,B00UOQC99K,1501274577799,5.0
5277200,B00B3URY64,1421606984000,5.0
5277200,B007NZHQDY,1421607010000,5.0
5440816,B001W28L2Y,1469219724000,5.0
5440816,B00EUHRLF6,1469219729000,5.0
5665537,B01146L1ZQ,1581873612153,5.0
5665537,B00UFDIA4K,1581873705995,5.0
5735414,B0076S2AMK,1483144454000,5.0
5735414,B0076S3CXG,1483144462000,5.0
5793576,B07N15N31M,1576368531758,4.0
5793576,B07N151XWG,1576368557032,4.0
5836129,B0002J1W06,1556027250702,5.0
5836129,B00021XPZE,1556027403396,5.0
5920732,B07KVVN7CJ,1555172880985,5.0
5920732,B07CKP1DN2,1555173245858,5.0
5920732,B076Z7Z394,1555173375335,5.0
6059216,B00DL4BMVS,1428428172000,5.0
6059216,B00ARB5E8A,1428428422000,5.0
6080569,B001DI76XM,1389153814000,5.0
6080569,B006YZ7DJQ,1389153829000,5.0
6130310,B07DNKKGP8,1619700213854,5.0
6130310,B07DNK59SG,1619700351694,5.0
6173119,B019PO1ZMI,1567437970566,5.0
6173119,B00W87LKXE,1567438318300,5.0
6234732,B003US4L4K,1453066708000,5.0
6234732,B003OR3HBU,1453066737000,5.0
6234732,B003OR3H7Y,1453066764000,5.0
6245145,B075L68C13,1554148142870,3.0
6245145,B01N5AIYX2,1554148167011,3.0
6274201,B00AJSJWKM,1469725768000,5.0
6274201,B00AJSJZQS,1469725785000,5.0
6364956,B004DP2TC0,1362819929000,5.0
6364956,B003ZZSVIK,1362819948000,5.0
6382033,B00BN0MZY0,1412304194000,4.0
6382033,B00BN0MZY0,1412304194000,4.0
6382033,B00BN0N0LW,1412304230000,4.0
6382033,B00BN0N0LW,1412304230000,4.0
6391915,B0076S2AMK,1426814800000,5.0
6391915,B0076S3CXG,1426814804000,5.0
6435968,B0002ZQG24,1434860712000,5.0
6435968,B000A0K2JO,1434860727000,5.0
6484274,B0074WMQLS,1549348311093,5.0
6484274,B005KWPJ04,1549348324121,5.0
6541217,B07RRPC8VQ,1563143324943,5.0
6541217,B07GYKN6ZD,1563143403421,5.0
6601352,B007RESG3A,1467919101000,5.0
6601352,B007RESG7G,1467919105000,5.0
6626310,B003XY8DF4,1437393631000,5.0
6626310,B003YBPRHI,1437393818000,5.0
6672809,B00W5VU4Q2,1448482162000,5.0
6672809,B003USZS8I,1448482409000,5.0
6672809,B003UT5GP2,1448482574000,5.0
6848255,B005HX2YT0,1525391975101,4.0
6848255,B07SNSXPDN,1594751898605,4.0
6913684,B00AZFCFYY,1557801085870,5.0
6913684,B00AZFPK2I,1557801121325,5.0
6934345,B003OR3H7Y,1419797209000,5.0
6934345,B003OR3HBU,1419797226000,5.0
7148249,B001DI98RE,1452115202000,3.0
7148249,B006YZ7DJQ,1452115224000,3.0
7148249,B001DI76XM,1452115227000,3.0
7270316,B01018DB2E,1478526260000,5.0
7270316,B01018CW92,1478526269000,5.0
7270316,B01018DC96,1478526270000,5.0
7364692,B007K3TK4W,1420912034000,5.0
7364692,B009QXFFYS,1420912045000,5.0
7364692,B00F19Q2R0,1420912084000,5.0
7364692,B00F19PYR4,1420912097000,5.0
7364692,B00F19PZXW,1420912110000,5.0
7364692,B00CTGGARU,1420912124000,5.0
7364692,B0014F5WIA,1420912133000,5.0
7398070,B00BN0MZY0,1403143341000,5.0
7398070,B004RKQM8I,1403143358000,5.0
7427373,B0007PRAX8,1409589120000,5.0
7427373,B000B6CP7O,1409589127000,5.0
7494499,B00F2SN53Y,1381411535000,5.0
7494499,B00F2SKPIM,1381411537000,5.0
7556536,B01FNOS496,1601985823414,5.0
7556536,B01FNOS42I,1601985850532,5.0
7576217,B001GTT0VO,1440507531000,5.0
7576217,B0012S4APK,1451593896000,5.0
7576220,B001GTT0VO,1440507531000,5.0
7576220,B0012S4APK,1451593896000,5.0
7635807,B00HWQUKCS,1409596118000,5.0
7635807,B00H45K3QA,1409596119000,5.0
7635807,B00H45K3M4,1409596121000,5.0
7638752,B00D36MC0E,1450941835000,5.0
7638752,B00CUKHN0S,1450941840000,5.0
7703065,B003XM1WE0,1416940317000,5.0
7703065,B0061RJSWC,1416940339000,5.0
7775375,B0BNCRZJV7,1678120860718,5.0
7775375,B0BNCTF6MK,1678120872275,5.0
7775375,B084DCJKSL,1678120923028,5.0
7849480,B08R5RSRS6,1613630183224,1.0
7849480,B07FCJNX46,1613630448369,1.0
7902137,B0002BEQN4,1430424026000,5.0
7902137,B000K4YOCG,1459123746000,5.0
7939027,B00DL93SLU,1542754020709,5.0
7939027,B00DL93RBG,1554892913003,5.0
8065426,B01K6JFA6I,1596160270954,1.0
8065426,B07K778RV9,1596160317460,1.0
8339954,B004I2EDA4,1448648288000,5.0
8339954,B004I2MP6I,1448648300000,5.0
8516774,B000UGZTQO,1376703439000,5.0
8516774,B000WJA5ZY,1376703449000,5.0
8585630,B006VKFX1Y,1433377756000,5.0
8585630,B009GUKSI4,1433377841000,5.0
8640982,B005CTN3IU,1464988535000,5.0
8640982,B003OEJ6S6,1464989221000,5.0
8691324,B0188BMPRS,1473956271000,4.0
8691324,B0188BMNI4,1473958140000,4.0
8934115,B0721456BZ,1597179522355,1.0
8934115,B071G5VRMM,1597179833412,1.0
8960599,B01HDUTJC4,1557352862359,5.0
8960599,B01HDUTJ9C,1557352886757,5.0
8978336,B08D45WDR7,1618241832761,5.0
8978336,B08D44W56B,1618241851854,5.0
9080543,B017H13DFS,1599548332588,5.0
9080543,B011PZALWA,1620239298208,5.0
9080543,B011PIJPOC,1620239318206,5.0
9114802,B07CK93ZZF,1595008567846,1.0
9114802,B07CLKMRM1,1595008613622,1.0
9146326,B0186EMA36,1679187224487,4.0
9146326,B017DPVX3W,1679187271958,5.0
9169844,B00E4LGVUO,1440609660000,4.0
9169844,B003EM8008,1440609672000,4.0
9215171,B019H3B6SU,1485975786000,4.0
9215171,B019H3B3P6,1485975798000,4.0
9311610,B01IQWGI0O,1510021232629,1.0
9311610,B01IQWGKQ6,1510021234655,1.0
9325324,B01LNAAEJ2,1548704085922,5.0
9325324,B01M3NB6FB,1549390732276,5.0
9478590,B00G9BN9KW,1425839516000,5.0
9478590,B007NZHQDY,1425839521000,5.0
9501474,B002L7DSZY,1523047195134,5.0
9501474,B002L77LQQ,1523047225062,5.0
9501474,B002L6937C,1523047243600,5.0
9579995,B00000K135,1442724609000,5.0
9579995,B000GULRXI,1442725242000,5.0
9594266,B001B0APOO,1407650602000,5.0
9594266,B00062UW5A,1407650613000,5.0
9622675,B000329HF4,1402092816000,5.0
9622675,B000329HEK,1402092819000,5.0
9720940,B0012S4APK,1453253248000,5.0
9720940,B002MYQTEI,1457007980000,5.0
9892814,B00N1CJCO4,1421778373000,3.0
9892814,B00N1CMRQ4,1421778396000,3.0
9956882,B00F19Q2R0,1422738438000,5.0
9956882,B0014F5WIA,1427718722000,5.0
9956882,B002RCLYXG,1427718735000,5.0
10009515,B001D1UTC4,1434913913000,5.0
10009515,B002K0TU2C,1434913921000,5.0
10009532,B001W28L2Y,1434309936000,5.0
10009532,B00EUHRLF6,1434310075000,5.0
10018508,B07JD7WZDL,1568408012373,5.0
10018508,B072C25JR5,1568408042273,5.0
10024779,B074RC5BWV,1572615042852,1.0
10024779,B079X2P3TR,1572615066688,1.0
10034881,B01N2GOAAU,1511793244980,4.0
10034881,B01N411R1A,1511793268108,4.0
10072608,B00F6S0XK8,1469645149000,3.0
10072608,B00F6S13DE,1469645177000,3.0
10115533,B019E0FB4G,1560265051280,5.0
10115533,B017XUXTLG,1560265070184,5.0
10142136,B008HO9DK4,1430942671000,1.0
10142136,B00HEX851C,1430942725000,1.0
10142136,B00EM5UFP4,1430942891000,1.0
10220237,B0007SMQL6,1412246436000,5.0
10220237,B0002474VM,1412246441000,5.0
10245119,B005T3LKKM,1503410791690,5.0
10245119,B004LTE5JI,1503410839205,5.0
10283811,B009GLW1PG,1510522464996,5.0
10283811,B0059X0YIQ,1510522473296,5.0
10301856,B0058DOWH6,1413462002000,5.0
10301856,B004SP0WAQ,1413462015000,5.0
10510150,B00F19PZXW,1461076880000,5.0
10510150,B00F19PYR4,1461076888000,5.0
10549978,B0079MX4Q4,1359078286000,5.0
10549978,B005LQ83EI,1359078691000,5.0
10586598,B0BVW5HCV9,1677796466404,5.0
10586598,B0BVW3NPTZ,1677796510275,4.0
10607117,B006AR2SKW,1424276402000,5.0
10607117,B00006B81E,1424276481000,5.0
10688407,B004HIN9WC,1383702599000,5.0
10688407,B004JRYLG4,1383702617000,5.0
10880139,B00GURGUY2,1559423507195,5.0
10880139,B004MWP4J4,1559423575332,5.0
10880141,B00GURGUY2,1559423507195,5.0
10880141,B004MWP4J4,1559423575332,5.0
10897070,B00CCZ4HA0,1405807546000,5.0
10897070,B00CCZ4BCO,1405807995000,5.0
10897070,B00CCZ4EEY,1405810509000,5.0
10930914,B00IITTDT4,1397516982000,5.0
10930914,B00IITTA6U,1397517025000,5.0
10930914,B00IITTBRS,1397517027000,5.0
10930914,B00IITTEG6,1397517029000,5.0
10930914,B00IITTCMM,1397517104000,5.0
10930914,B00IITTAY2,1397517107000,5.0
10930914,B00IITTKKQ,1397517108000,5.0
10930914,B00IITTH8Q,1397517114000,5.0
10930914,B00IITTID0,1397517116000,5.0
10930914,B00IITT9C0,1397517118000,5.0
10930919,B00IITTDT4,1397516982000,5.0
10930919,B00IITTA6U,1397517025000,5.0
10930919,B00IITTBRS,1397517027000,5.0
10930919,B00IITTEG6,1397517029000,5.0
10930919,B00IITTCMM,1397517104000,5.0
10930919,B00IITTAY2,1397517107000,5.0
10930919,B00IITTKKQ,1397517108000,5.0
10930919,B00IITTH8Q,1397517114000,5.0
10930919,B00IITTID0,1397517116000,5.0
10930919,B00IITT9C0,1397517118000,5.0
10946266,B0057XC5C6,1455673579000,5.0
10946266,B0057XC49K,1455673588000,5.0
10976899,B005LQ83EI,1410877300000,5.0
10976899,B005LJQM3Y,1410877455000,5.0
10976899,B004GW25WY,1410877494000,5.0
11000446,B003XM1WE0,1388707791000,5.0
11000446,B0060B7NCG,1388707944000,5.0
11131237,B09WHCKSQ8,1668876108709,5.0
11131237,B09WJKRQBL,1668876276479,5.0
11277556,B008ITRBS4,1605714331269,5.0
11277556,B008ITRIVE,1605714353716,5.0
11455476,B003EM2WAW,1502192648808,5.0
11455476,B003EM8008,1502192661217,5.0
11660021,B005T3LKKM,1459557778000,5.0
11660021,B007PESCCC,1459558497000,5.0
11695550,B0060B7NCG,1492892274000,5.0
11695550,B003XM9774,1492892279000,5.0
11711332,B01M3QINCM,1482888373000,5.0
11711332,B01M9CQVOB,1482888380000,5.0
11712733,B00BRM94KM,1413111279000,5.0
11712733,B0072B0T5G,1413111303000,5.0
11732693,B003XM73P2,1402414569000,5.0
11732693,B003XM9774,1402414571000,5.0
11732694,B003XM73P2,1402414569000,5.0
11732694,B003XM9774,1402414571000,5.0
11823279,B005LQ83EI,1415758720000,5.0
11823279,B00316263Y,1415758887000,5.0
11830321,B07H256MBK,1648873327912,5.0
11830321,B07H27J698,1648873407478,5.0
11856965,B00Z7SAJGA,1492094502000,5.0
11856965,B00Z7SQ040,1492099167000,5.0
11935181,B0002ZQG24,1420509763000,5.0
11935181,B000A0K2JO,1420509765000,5.0
12172228,B000I1D1HA,1471743570000,5.0
12172228,B000I1EYK8,1471743576000,5.0
12273995,B00B46XJ4S,1367000177000,5.0
12273995,B00B46XJRU,1367000192000,5.0
12368112,B01E140XWA,1472150416000,5.0
12368112,B012ERZ7B8,1472150442000,5.0
12368113,B01E140XWA,1472150416000,5.0
12368113,B012ERZ7B8,1472150442000,5.0
12585645,B003OR3H7Y,1415299414000,5.0
12585645,B003US4L4K,1415299423000,5.0
12619683,B005LTJ736,1366228898000,4.0
12619683,B005LTJ71I,1366229001000,4.0
12662172,B0145OQXCK,1460318875000,4.0
12662172,B0145OQTPG,1460318879000,4.0
12708116,B0000514G8,1453496484000,5.0
12708116,B0000512LA,1453496492000,5.0
12722967,B00D8N9NAE,1460496137000,2.0
12722967,B003EE31D2,1460496143000,2.0
12722967,B003EDXJ4O,1460496149000,2.0
12764532,B01950T1T6,1547154671244,5.0
12764532,B01950T26S,1547154711416,5.0
12785843,B00E4OKJPO,1442357349000,4.0
12785843,B00E4OKGDE,1442357352000,4.0
12785843,B00E4OKZA8,1442357353000,4.0
12793408,B071G56PDR,1554716816723,5.0
12793408,B071WQ2QQT,1554716865402,5.0
12827124,B076Z7QLT6,1549812841916,5.0
12827124,B07D3SFHW1,1549813193730,5.0
12827124,B076Z71H2M,1549813225131,5.0
12827126,B076Z7QLT6,1549812841916,5.0
12827126,B07D3SFHW1,1549813193730,5.0
12827126,B076Z71H2M,1549813225131,5.0
12922948,B06VSS2NRP,1548454182740,4.0
12922948,B01M0QR22B,1548454237222,4.0
13004377,B00EUHRLF6,1420088831000,5.0
13004377,B001W28L2Y,1420088905000,5.0
13015884,B078SLTC5B,1574541882528,4.0
13015884,B078SMZJC6,1574541942372,4.0
13015884,B078SNMJ9S,1574541975712,4.0
13125762,B015MSJ1DG,1482201596000,5.0
13125762,B00G57BN1M,1482201623000,5.0
13125763,B015MSJ1DG,1482201596000,5.0
13125763,B00G57BN1M,1482201623000,5.0
13190554,B07529V8S4,1534514590453,5.0
13190554,B013KFJBD8,1534514617556,5.0
13222205,B00A8LN70Q,1480601441000,5.0
13222205,B009UZ3TF4,1480601454000,5.0
13258453,B0048JMGBU,1358806795000,5.0
13258453,B0048JLLLQ,1359439448000,5.0
13359121,B00NQA2H3O,1471490373000,5.0
13359121,B00GBBSX92,1471490421000,5.0
13709114,B0B68L7SCR,1671054407577,5.0
13709114,B0B68BMBWN,1671067385604,5.0
13847854,B002WGJFJM,1429736236000,5.0
13847854,B002WGJFJW,1429736258000,5.0
14008269,B0076KQRXG,1410565585000,5.0
14008269,B0076KUTKS,1410565610000,5.0
14021241,B01855CMQQ,1600996263483,3.0
14021241,B01855CPIQ,1600996311166,3.0
14067244,B00AXE96X0,1391267931000,5.0
14067244,B00AXE9YD2,1391267955000,5.0
14110973,B08PF8QSY2,1617342229672,1.0
14110973,B08PF5NH69,1617342286841,1.0
14344754,B00LLPSS3E,1423421980000,2.0
14344754,B00LLPSUU0,1445658370000,2.0
14598104,B0816CWD5B,1600780466963,5.0
14598104,B0816DDQLR,1600780479640,5.0
14603091,B004I2EDA4,1459304336000,5.0
14603091,B004I2MP6I,1459304348000,5.0
14623744,B0895WBN79,1608346139278,1.0
14623744,B0816RV4BF,1608346163320,1.0
14721387,B00PLENZPC,1451453565000,4.0
14721387,B00SANIGF0,1451453678000,4.0
14791324,B0041OOFZW,1428866539000,5.0
14791324,B0041OOG9M,1428866563000,5.0
14839943,B00H0LI9N2,1468865544000,5.0
14839943,B00H0LIDWY,1468865554000,5.0
14886360,B0013V3CH8,1413212827000,5.0
14886360,B0013V8K98,1413212839000,5.0
14886360,B0013V6S4M,1413212847000,5.0
14886360,B0013V1T2I,1413212855000,5.0
14886360,B0013V58QG,1413212886000,5.0
14886360,B002HEQCIQ,1413212893000,5.0
14886360,B002HEU9NU,1413212903000,5.0
14918834,B007RB0JQU,1429926291000,5.0
14918834,B007RB0J9M,1429926308000,5.0
14981360,B01N8W1EAE,1566631910594,5.0
14981360,B01MSM6DE7,1566631926072,5.0
15073023,B004OVE18S,1447177307000,5.0
15073023,B0000BZL8H,1549169018923,5.0
15112867,B002L5ZEYY,1383341214000,5.0
15112867,B003YKX6WM,1383341218000,5.0
15134227,B001C4BEOY,1422924989000,5.0
15134227,B00193U3O0,1422925007000,5.0
15247174,B00063E2HS,1394245639000,5.0
15247174,B00063E2FU,1394245656000,5.0
15317633,B004GW25WY,1409183674000,5.0
15317633,B005LJQM3Y,1409183684000,5.0
15355706,B00FO6HNLE,1389225030000,5.0
15355706,B00FO6HNGY,1389227098000,5.0
15435743,B007B5S52C,1478449624000,5.0
15435743,B005LDLVAO,1478449637000,5.0
15459548,B004U29E38,1361280944000,5.0
15459548,B004U29E8I,1361280953000,5.0
15649444,B072127KCY,1567473959625,5.0
15649444,B071WNF2ZZ,1567474239320,5.0
15700374,B0061ZFWBU,1421263951000,3.0
15700374,B00778G534,1421263953000,3.0
15700375,B0061ZFWBU,1421263951000,3.0
15700375,B00778G534,1421263953000,3.0
15711349,B006JSGGXM,1414059288000,5.0
15711349,B006HW5E5Q,1414059290000,5.0
15711349,B003VL5P2S,1414059293000,5.0
15732675,B00FSGIRH4,1381514280000,5.0
15732675,B00FSFZMM8,1381514419000,5.0
15732676,B00FSGIRH4,1381514280000,5.0
15732676,B00FSFZMM8,1381514419000,5.0
15761547,B0002GRUV4,1478241437000,5.0
15761547,B004GSH9KQ,1478241468000,5.0
15790216,B00152PF4I,1468269248000,5.0
15790216,B001Q1W6V8,1468269271000,5.0
15809525,B0012S4APK,1450736304000,5.0
15809525,B001GTZAOU,1450736333000,5.0
15837265,B003OR3H7Y,1396871263000,5.0
15837265,B003OR3HBU,1396871280000,5.0
15837265,B003US4L4K,1396871299000,5.0
15974879,B000VZRYCG,1475642587000,5.0
15974879,B0015RTXW8,1475642591000,5.0
15974879,B000233WKA,1475642595000,5.0
15974879,B0051QIBUE,1475642609000,5.0
15991352,B005KWHJES,1418652272000,5.0
15991352,B00316263Y,1418652290000,5.0
16123084,B00F19Q2R0,1450898041000,4.0
16123084,B002RCLYXG,1450898047000,4.0
16194407,B00GSAPV1O,1567174752128,3.0
16194407,B00GSAEN4A,1567174970778,3.0
16240786,B006H8PT82,1451581121000,4.0
16240786,B005H4Y71M,1451581128000,4.0
16318453,B00NIYJL64,1426279072000,5.0
16318453,B0014F5WIA,1426279863000,5.0
16318453,B004536LUG,1426280667000,5.0
16318453,B004M187ZI,1426280752000,5.0
16370401,B07L9T7N1W,1594148454931,4.0
16370401,B078LNXD7B,1594148479485,4.0
16392255,B0143IIP4W,1528083156814,5.0
16392255,B0143RT8OY,1528083159990,5.0
16544317,B0002J1NDC,1582292698141,5.0
16544317,B0002GWPTG,1582292710021,5.0
16596496,B00E4FODTG,1446388532000,5.0
16596496,B00E4FO61Q,1446388559000,5.0
16692443,B01CETEBDQ,1580062198027,2.0
16692443,B01BHJVS1M,1580062299384,2.0
16692443,B01BHJVQDC,1580062325777,2.0
16692444,B01CETEBDQ,1580062198027,2.0
16692444,B01BHJVS1M,1580062299384,2.0
16692444,B01BHJVQDC,1580062325777,2.0
16862850,B00J8E8Y5C,1479259264000,5.0
16862850,B00J8E93G6,1479259267000,5.0
16993683,B019PV2I3G,1481183750000,5.0
16993683,B019Q4TJZC,1481183757000,5.0
17059514,B078HSHX38,1533008487041,2.0
17059514,B078HKGMBG,1548293227449,2.0
17085981,B00GBBSP8Q,1466659483000,5.0
17085981,B00SI1J7D4,1466659550000,5.0
17085981,B00SI1J98W,1466659554000,5.0
17260091,B0796S2JPS,1679349202562,5.0
17260091,B09HBZHL4B,1679349952883,5.0
17534530,B00XK70ZPK,1549128688478,5.0
17534530,B00XK73HT6,1549128721343,5.0
17682414,B004S4R5CK,1358949165000,3.0
17682414,B005LJQP0E,1358949171000,3.0
17848138,B007QXLQVG,1445217017000,5.0
17848138,B007QXMG60,1445217044000,5.0
17922332,B003OR3H7Y,1420309256000,5.0
17922332,B003US4L4K,1420309405000,5.0
18019410,B00NH13UFQ,1499913097526,5.0
18019410,B00NH134L6,1499913111670,5.0
18209665,B001VL5WB4,1407500128000,5.0
18209665,B001VLEYKY,1407500166000,5.0
18296001,B078JZFBBK,1529296978789,5.0
18296001,B078JNBMDG,1529296997975,5.0
18312103,B01HDUTJHY,1602254218503,5.0
18312103,B01HNMTCE2,1602254253902,5.0
18312478,B07D9CFHHQ,1581983086244,5.0
18312478,B07D999V5P,1581983230911,5.0
18460069,B072C2R5B7,1504021914072,5.0
18460069,B072C2RB38,1504021916604,5.0
18460069,B07239CQ8T,1504021918098,5.0
18503638,B009QXFFYS,1465823541000,4.0
18503638,B00NIYJL64,1465823542000,5.0
18599572,B015V7XB5M,1469091356000,5.0
18599572,B015V7XB5C,1469091358000,5.0
18599573,B015V7XB5M,1469091356000,5.0
18599573,B015V7XB5C,1469091358000,5.0
18654345,B000AJNZJO,1454676880000,5.0
18654345,B000068O51,1454676908000,5.0
18905350,B005JRDSO4,1357949942000,5.0
18905350,B005JRF1LC,1357949977000,5.0
18907115,B083LHNWNY,1646147282543,5.0
18907115,B083L4GMVL,1646147336193,5.0
18914062,B0BGBG15VP,1672608954986,4.0
18914062,B0BGBG4C83,1681239254701,4.0
18933691,B006BCK7RM,1448566174000,4.0
18933691,B00AAJ0ZGK,1448566186000,4.0
18971277,B0748MBFTS,1565383820806,5.0
18971277,B0748MPQT4,1565384078555,5.0
19088287,B0089JIDLC,1403549572000,5.0
19088287,B0099U25IW,1403549761000,5.0
19241837,B00F19PYR4,1464113920000,4.0
19241837,B00NIYJL64,1464114020000,4.0
19289678,B0963X6NS5,1677873188227,5.0
19289678,B085ZBF6JB,1677873910505,5.0
19289679,B0963X6NS5,1677873188227,5.0
19289679,B085ZBF6JB,1677873910505,5.0
19386042,B003OR3H7Y,1407295988000,5.0
19386042,B003US4L4K,1407296387000,5.0
19557785,B00E4LGVUO,1495900261000,2.0
19557785,B003EM8008,1495900273000,2.0
19563624,B00FRHTTIA,1397823334000,2.0
19563624,B00FRHTSK4,1397849162000,2.0
19701268,B003OR3H7Y,1413127665000,4.0
19701268,B003US4L4K,1413127673000,4.0
19910540,B0017KZ8Y0,1425944412000,5.0
19910540,B001DZ6CDU,1425944427000,5.0
19912906,B00DSTBMZ2,1474393032000,5.0
19912906,B00DSTBMPC,1474393045000,5.0
19917394,B01N75EALQ,1554225609791,5.0
19917394,B01N8W1EAE,1554225867281,5.0
19917394,B01N2GOAAU,1554225906131,5.0
20007587,B0092TWP76,1362492729000,5.0
20007587,B0092TWOP4,1362495170000,5.0
20039149,B00J3LGLPA,1466370999000,5.0
20039149,B00G91T686,1466371050000,4.0
20039149,B00J2OYPAG,1466371053000,4.0
20107283,B0001AU7CA,1454340241000,4.0
20107283,B0001AU9NW,1454340259000,4.0
20175839,B08X1QWB9W,1650416345518,5.0
20175839,B08X26ZYZ2,1650416399533,5.0
20184170,B00E5I7UAG,1424443597000,5.0
20184170,B00E5I7VJG,1424443609000,5.0
20220010,B00M55C0NS,1462029247000,5.0
20220010,B00M55C0VU,1462029301000,5.0
20291139,B07L3LCSPP,1567727790657,5.0
20291139,B07FPN5HF7,1567727848726,5.0
20339829,B00C1TQ52A,1428633898000,5.0
20339829,B004HIN97M,1428633905000,5.0
20339829,B004JRYLG4,1428634024000,5.0
20339830,B00C1TQ52A,1428633898000,5.0
20339830,B004HIN97M,1428633905000,5.0
20339830,B004JRYLG4,1428634024000,5.0
20440837,B0013V8K98,1437485911000,5.0
20440837,B002HEQCIQ,1437485912000,5.0
20500973,B07F6TP383,1546372768435,5.0
20500973,B07F6YM3Y4,1546372850967,5.0
20572801,B002821ESU,1423966890000,3.0
20572801,B001WTBCVY,1423966893000,3.0
20644118,B013JHTGLO,1514219151319,3.0
20644118,B013MC82MK,1514219151320,3.0
20662631,B01FYQOXES,1560361314624,5.0
20662631,B01FD77DFO,1560361368030,5.0
20731774,B00F19PZXW,1437077579000,5.0
20731774,B003U6Y1OC,1437077725000,5.0
20744866,B005LDLVAO,1377252971000,5.0
20744866,B005LDLV6S,1377252992000,5.0
20789055,B00FBA1UF8,1427118657000,5.0
20789055,B00FBA1UGW,1427118665000,5.0
20871547,B00IGUUZJM,1450715215000,5.0
20871547,B00IN2S072,1450715234000,5.0
20871547,B00IGUUYTI,1450715235000,5.0
20941020,B001OF5TII,1425304152000,5.0
20941020,B001PYOYP2,1425304157000,5.0
21043292,B008PBTPOI,1435471636000,5.0
21043292,B001BRXW74,1435471668000,5.0
21300147,B00AJHCX9A,1480077948000,5.0
21300147,B00AJHCWTQ,1480077977000,5.0
21318827,B004DP2TC0,1409331454000,5.0
21318827,B008P5P96M,1409331472000,5.0
21381275,B005LJQMCK,1404234118000,5.0
21381275,B005LJQPE0,1404235243000,5.0
21490831,B003U3I6ZA,1374585557000,5.0
21490831,B003U3GBK2,1374585562000,5.0
21490831,B003U3LUOY,1374585566000,5.0
21498039,B004M187ZI,1422614677000,5.0
21498039,B0014F5WIA,1422614696000,5.0
21498039,B002RCLYXG,1422614718000,5.0
21604012,B0012S4APK,1404772178000,5.0
21604012,B001GTT0VO,1404772183000,5.0
21624157,B0076S2AMK,1376302416000,5.0
21624157,B0076S3CXG,1376302436000,5.0
21647186,B008YDJHWM,1421782138000,5.0
21647186,B00906DHLE,1421782170000,5.0
21750776,B0145OQXCK,1473982796000,3.0
21750776,B0145OQXCK,1473982796000,3.0
21750776,B0145OQTPG,1473982855000,3.0
21750776,B0145OQTPG,1473982855000,3.0
21775755,B003EWPADS,1357578407000,5.0
21775755,B00489O4YC,1357578409000,5.0
21871812,B073B5WKXZ,1566192723356,5.0
21871812,B073B818JS,1566192738123,5.0
21871812,B073B7MJ59,1566192766359,5.0
21917611,B00DBWSPRE,1416068025000,5.0
21917611,B00DBWSSK8,1416068067000,5.0
21933820,B00VYMG250,1497465361339,5.0
21933820,B00ZELEKIS,1498388913784,5.0
22037674,B0012S4APK,1409147336000,5.0
22037674,B001GTT0VO,1409147352000,5.0
22060189,B007RESFVI,1372347588000,5.0
22060189,B007RESGD0,1372347601000,5.0
22103290,B00B46XJPC,1404648917000,5.0
22103290,B00B46XKJW,1404648920000,5.0
22103290,B00B46XKHY,1404648923000,5.0
22103290,B00B46XJPW,1404648925000,5.0
22107196,B004Z26JEK,1428425941000,5.0
22107196,B0085MJ89Y,1428426098000,5.0
22107196,B004Z2D5AG,1428426106000,5.0
22204260,B0BS91YSSH,1680046221086,4.0
22204260,B0BS8Z7FKF,1680046308203,4.0
22282001,B00YTVIRMO,1447160287000,5.0
22282001,B00VYEI17U,1447160290000,5.0
22282001,B00VYEHUPE,1447160292000,5.0
22289787,B00G9BN9KW,1408374930000,5.0
22289787,B00B3URY64,1408374941000,5.0
22402171,B003OR3H7Y,1417193934000,4.0
22402171,B003US4L4K,1417193941000,4.0
22403322,B004G3D61W,1455249768000,4.0
22403322,B003XQ6FDE,1455249782000,4.0
22523361,B0BV23NHP2,1679763877088,5.0
22523361,B0BV25VYGR,1679763922201,5.0
22691746,B0054RTHNA,1478707298000,5.0
22691746,B0054RTH0S,1478707306000,5.0
22816583,B004HIN7V0,1377890372000,5.0
22816583,B004JRYLG4,1377890385000,5.0
22835509,B003CFATYW,1466728895000,4.0
22835509,B003CFATL0,1466728896000,4.0
22859391,B0014F5WIA,1493952337000,5.0
22859391,B00F19PYR4,1493952364000,5.0
23020998,B018BCJKE0,1607123624463,5.0
23020998,B00WD017BG,1607123649118,5.0
23422664,B0014F5WIA,1435436286000,5.0
23422664,B004536LUG,1435436312000,5.0
23485449,B005LQ83EI,1406971998000,5.0
23485449,B005KWHJES,1406972005000,5.0
23554022,B007NKOC2W,1449449791000,5.0
23554022,B005HXFARS,1449449854000,5.0
23558762,B002MYQTEI,1454218048000,5.0
23558762,B001GTTEBK,1454218081000,5.0
23593024,B071YYNWSD,1577430295565,5.0
23593024,B071VJBGDS,1577430316505,5.0
23673195,B002MYQTEI,1410871350000,5.0
23673195,B0012S4APK,1410871375000,5.0
23807264,B0039YWT3U,1423172269000,3.0
23807264,B0039YWT80,1423172282000,3.0
24201445,B000GULRXI,1405379340000,5.0
24201445,B00000K135,1405379371000,5.0
24276395,B001MSU1HG,1357145234000,5.0
24276395,B001MSZBNA,1357145270000,5.0
24428979,B002CZXRLK,1406111392000,5.0
24428979,B0038LI7OO,1406111406000,5.0
24442850,B000GULRXI,1411150474000,5.0
24442850,B00000K135,1411150489000,5.0
24456048,B003OR3H7Y,1378219730000,5.0
24456048,B003US4L4K,1378219732000,5.0
24471840,B003OR3H7Y,1413055082000,3.0
24471840,B003US4L4K,1413055089000,3.0
24560338,B004536LUG,1358012826000,5.0
24560338,B003U6Y1OC,1358013894000,5.0
24560338,B002RCLYXG,1358013948000,5.0
24573090,B003XM73P2,1405126354000,5.0
24573090,B003XM9774,1423371867000,4.0
24586650,B00ALYOPSS,1409925517000,4.0
24586650,B008RJZQSW,1409928726000,5.0
24630357,B00B3NI4Y2,1409624452000,5.0
24630357,B00LIRC8TU,1409624482000,5.0
24638661,B09DX76WD5,1658550987661,1.0
24638661,B09L3YJHTY,1658551048291,1.0
24661084,B00140DTUS,1473570029000,5.0
24661084,B004FI7TBQ,1473570031000,5.0
24994162,B00E83XHXM,1386494383000,5.0
24994162,B00DX5D9I4,1386494442000,5.0
25393677,B0039Z3T4C,1456019246000,4.0
25393677,B0039Z3SRA,1456019430000,4.0
25683584,B0778Y6K6N,1567596272766,2.0
25683584,B00S6DBGIS,1567596500869,2.0
25684487,B004ZMWQ2O,1387847067000,5.0
25684487,B004I2GGLI,1387847088000,5.0
25710721,B071WNF2ZZ,1549361562257,5.0
25710721,B0721456BZ,1549361594625,5.0
25824853,B000TH3ALK,1588248160689,5.0
25824853,B000TGT4OS,1588248244241,5.0
25961978,B008GVVTPU,1462167866000,1.0
25961978,B008GVVUFE,1462167868000,1.0
26031042,B0079MX4Q4,1421669058000,5.0
26031042,B005KWHJES,1421669064000,5.0
26031042,B005LJQM3Y,1421669077000,5.0
26032111,B004I5A9NQ,1425507753000,2.0
26032111,B00BX56WJY,1474405850000,2.0
26065770,B003L13C14,1435003466000,5.0
26065770,B0029XZUQK,1435004187000,5.0
26118906,B003XM9774,1367337521000,5.0
26118906,B003XM1WE0,1367337534000,5.0
26123810,B07D9CFHHQ,1597960224514,1.0
26123810,B07D999V5P,1597960265047,1.0
26129862,B010U0JTVA,1467405537000,3.0
26129862,B010U0DE20,1467405597000,3.0
26137481,B00F19Q2R0,1412601240000,5.0
26137481,B0025UEQQW,1412601243000,5.0
26392760,B0006ZIESE,1372958643000,3.0
26392760,B0006ZIEUC,1372958655000,3.0
26859382,B0B3J5JPWX,1676908460100,5.0
26859382,B09DSD8RZL,1676908491695,5.0
27019385,B005DVEJEO,1421480337000,5.0
27019385,B00HVJET3W,1421480428000,5.0
27078831,B00B46XJPW,1417375078000,5.0
27078831,B00B46XJPC,1417375106000,5.0
27078831,B00B46XKHY,1417375126000,5.0
27180121,B017SD8RWO,1556568589618,5.0
27180121,B01IT8LO1I,1575123315611,5.0
27277903,B008ITQP6I,1562094759579,5.0
27277903,B008ITQPTA,1562094798177,5.0
27277903,B008ITQP2C,1562094826512,5.0
27277903,B008ITQQNU,1562094991297,5.0
27277903,B016NGCY1C,1562095014199,5.0
27277903,B008ITQKCW,1562095042045,5.0
27277903,B008ITQKPO,1562095074061,5.0
27359707,B005LJQOPK,1441160779000,5.0
27359707,B005LJQNQU,1441160790000,5.0
27435311,B000BSGCV2,1436772032000,4.0
27435311,B002SAOHH2,1436772115000,3.0
27441193,B007O0U0E0,1438737788000,5.0
27441193,B007O0ZJKA,1438737801000,5.0
27441194,B007O0U0E0,1438737788000,5.0
27441194,B007O0ZJKA,1438737801000,5.0
27522359,B003S8891I,1391123918000,4.0
27522359,B003S7W6LS,1391123933000,4.0
27523389,B0086OGN9E,1404483880000,5.0
27523389,B002N2EHVQ,1404483912000,5.0
27568531,B014P50HPS,1457227319000,5.0
27568531,B014P509B0,1457227338000,5.0
27572320,B00F6S0XJO,1400024585000,5.0
27572320,B00F6S0XK8,1400024588000,5.0
27681220,B07B6GMCDX,1567229442824,5.0
27681220,B0756NZTXS,1567229493033,5.0
27683075,B007UIX1VK,1396513766000,5.0
27683075,B007BYWJUC,1396513798000,5.0
27829548,B00GBBSQK8,1419273062000,5.0
27829548,B00GBBSRKW,1419273079000,5.0
27873065,B00ORNP11O,1453734452000,5.0
27873065,B00Q8POZP2,1453734454000,5.0
27963737,B01G26166W,1563813239260,5.0
27963737,B019MRBKYG,1563813254678,5.0
27983130,B00BUAJ8ZW,1391457705000,1.0
27983130,B009SKNXKC,1391458554000,1.0
28004407,B0025UEQQW,1357053159000,5.0
28004407,B002RCLYXG,1357053176000,5.0
28008838,B01BE7O5V2,1488571365000,4.0
28008838,B00CTTZEP6,1488571372000,4.0
28100855,B00BN0MZY0,1408981866000,5.0
28100855,B004WODP20,1408981882000,5.0
28177646,B005MR4UV6,1466258282000,4.0
28177646,B000ONTGCG,1466258304000,4.0
28206681,B004C3AW40,1405799450000,5.0
28206681,B005H4Y6ZY,1405799489000,5.0
28277093,B00698HZ9Q,1360591608000,5.0
28277093,B0069DNG4E,1360591612000,5.0
28323141,B005LJQM3Y,1459642782000,5.0
28323141,B005LQ83EI,1459643136000,5.0
28406348,B002HGFKR8,1453047390000,1.0
28406348,B002K7EJDK,1453047392000,1.0
28487402,B076PGPJ7V,1563577312162,5.0
28487402,B076PNXN76,1563577334990,5.0
28487402,B07BH3MR1H,1563577396672,5.0
28765256,B00002NDRX,1456884415000,5.0
28765256,B00002NDRQ,1456884428000,5.0
28835035,B00F3I42IA,1439170275000,5.0
28835035,B00EYFM3QQ,1439170285000,5.0
28864172,B001HA43A0,1388914500000,5.0
28864172,B00004TS44,1388915201000,5.0
28936663,B0087N2KA0,1451097078000,5.0
28936663,B0087N2RD0,1451097116000,5.0
28936663,B0087N2DUC,1451097117000,5.0
29286296,B003OR3H7Y,1414328410000,5.0
29286296,B003US4L4K,1414328419000,5.0
29405824,B072RSPFN7,1569099111917,5.0
29405824,B072RRYQYL,1569099128679,5.0
29413389,B01IMZWVGU,1584972679331,5.0
29413389,B07L93HP77,1584972728179,5.0
29476847,B004Z2GGI4,1550983621260,5.0
29476847,B004Z2F7PC,1550983687260,5.0
29498582,B005K925P4,1389308775000,5.0
29498582,B005DHKRVC,1389308816000,5.0
29498582,B005K926MQ,1389308845000,5.0
29546572,B0037ECALI,1373463437000,4.0
29546572,B003OCRW8O,1373463466000,4.0
29546572,B0037ECAL8,1373463476000,4.0
29887182,B002L9LW00,1581029589906,5.0
29887182,B000WJA5ZY,1591106248692,5.0
30122961,B071JQSQLN,1517158703629,5.0
30122961,B072JXXVP3,1561077055311,5.0
30228861,B07PY4TX8B,1647275967488,5.0
30228861,B00MIBN16O,1647275989815,5.0
30315177,B07D3RQ8GJ,1566228148440,5.0
30315177,B07CWN23SD,1566228192542,5.0
30315177,B076Z9K64Y,1566228228858,5.0
30434009,B00F6S0XL2,1472928732000,5.0
30434009,B00F6S0XJO,1472928733000,5.0
30460883,B009GUMVXE,1403094172000,5.0
30460883,B009GUMVKW,1403094174000,5.0
30466295,B001TKE25E,1375116711000,5.0
30466295,B001TKAE7O,1375116714000,5.0
30663462,B004C4ZNG6,1497459825514,1.0
30663462,B003WPD2BE,1497459864065,1.0
30776457,B00LT3ESZA,1501510802339,5.0
30776457,B00DDULUIA,1501510803379,5.0
30776471,B002MYQTEI,1414718106000,5.0
30776471,B0088RIV1W,1414718153000,5.0
31042868,B0074WMQLS,1390570740000,5.0
31042868,B005KWPJ04,1390570958000,5.0
31054874,B008ITREE0,1591454974342,5.0
31054874,B01DEX5UHC,1591455060740,5.0
31182572,B009KUE71O,1388939360000,5.0
31182572,B0079MX4Q4,1388939363000,5.0
31283150,B013LIN554,1546411038965,5.0
31283150,B002RJLHB8,1546411053925,5.0
31434937,B002MYQTEI,1446851219000,5.0
31434937,B0012S4APK,1446851232000,5.0
31451984,B071JQSQLN,1548767259500,5.0
31451984,B072JXXVP3,1548767273775,5.0
32376185,B009GFW6XE,1434951377000,5.0
32376185,B009GFW40O,1434951427000,5.0
32464139,B00C7RJQPY,1417442911000,5.0
32464139,B00C7RIL3C,1417442924000,5.0
32617153,B003T4QYR2,1422566502000,5.0
32617153,B003T4VAF8,1422566515000,5.0
32680917,B07RNGL2DS,1608876092082,5.0
32680917,B07RNGKWYB,1608876188494,5.0
32706491,B009DMI3GY,1422011340000,5.0
32706491,B00ELJVM5I,1422011852000,4.0
32831643,B07T8GGCD1,1598319878271,4.0
32831643,B07TCK22VW,1598319921148,4.0
32891751,B000EOMWLM,1371912700000,5.0
32891751,B000NWG3RY,1371912715000,5.0
32988619,B001UJK23U,1445435261000,5.0
32988619,B001UJELJ6,1445435262000,5.0
33368927,B004C4U3KM,1473995248000,5.0
33368927,B004C4ZRIK,1473995257000,5.0
33424605,B07B2TGWQM,1564946864201,5.0
33424605,B07B2SPN45,1564946882095,5.0
33447120,B013TL8CNS,1606842890454,5.0
33447120,B07MWJH5GB,1606842924577,5.0
33591484,B000TKEV8I,1462145321000,5.0
33591484,B003UIC78W,1462145325000,5.0
33612560,B016YA3YUM,1480834829000,4.0
33612560,B016Y9HKJE,1480834854000,4.0
33634029,B07NQXBZM9,1588481100355,1.0
33634029,B07NQX1J99,1588481217826,1.0
33755226,B002JPMN36,1432307309000,5.0
33755226,B000V0IE5M,1432307323000,5.0
33905911,B015MJLEUS,1476136068000,5.0
33905911,B012VZ7MUM,1476136071000,5.0
34142403,B00F2SN53Y,1394122787000,5.0
34142403,B00F2SKPIM,1394122788000,5.0
34406625,B009KUE71O,1421807041000,5.0
34406625,B00316263Y,1421807088000,5.0
34594210,B002RCLYXG,1466624798000,5.0
34594210,B003U6Y1OC,1466624801000,5.0
34731066,B07H2ZDJKW,1546379294329,5.0
34731066,B07HRBBLWN,1546379543717,5.0
34753054,B003L15028,1472312413000,4.0
34753054,B001UR8NTM,1472312422000,4.0
34773771,B00KTLFRNA,1458141530000,5.0
34773771,B00KTLFRGC,1458141567000,5.0
34836733,B07NPTNQ8D,1639839588777,5.0
34836733,B07G5KPQT4,1639839649596,5.0
34864104,B009O7Z83Y,1388758055000,5.0
34864104,B00AEP8KUS,1388758073000,5.0
34927858,B001TQCSUE,1408385702000,5.0
34927858,B000YTM4XS,1408385737000,5.0
34964429,B009GUKSI4,1430707363000,4.0
34964429,B006VKFX1Y,1430707372000,4.0
34964429,B009GUXWDM,1430707377000,4.0
35042885,B0145OQXCK,1477360028000,1.0
35042885,B0145OQTPG,1477360031000,1.0
35140363,B001C6YKD4,1371731711000,4.0
35140363,B001C6JA2A,1371731747000,4.0
35242885,B001GTT0VO,1395596714000,5.0
35242885,B002MYQTEI,1395596732000,5.0
35596555,B082CWQPVM,1592596276588,5.0
35596555,B07ZRK7X2C,1592596295424,5.0
35803480,B00G7TLNP4,1454076395000,5.0
35803480,B00G7TLOBC,1454076402000,5.0
35803480,B00G7TLN04,1454076410000,5.0
35803480,B00G7TLM9Q,1454076448000,5.0
35803480,B00OI8WA80,1454076883000,5.0
35923765,B0BR34WNQK,1677024116666,5.0
35923765,B0BR33HLBZ,1677024133361,5.0
35932708,B001G4NBTG,1427721658000,5.0
35932708,B003Y60DZO,1427721660000,5.0
36128357,B0095XPHQU,1368119676000,4.0
36128357,B009396UGM,1368119687000,4.0
36155276,B0149QE3KS,1564960361358,4.0
36155276,B07CPS16L4,1564960416199,4.0
36331990,B0050JCOEQ,1566149553687,5.0
36331990,B0056QGZI4,1566149610895,5.0
36645223,B014QQAM8I,1468129219000,5.0
36645223,B014QQAOUE,1468129301000,5.0
36645223,B014QQAQD4,1468129394000,5.0
36680005,B0014F5WIA,1381344533000,5.0
36680005,B009QXFFYS,1381344554000,5.0
36728938,B00F19PYR4,1431450832000,5.0
36728938,B00F19PZXW,1431450836000,5.0
37371195,B071WNF2ZZ,1509712035925,5.0
37371195,B071JR45HW,1509712082804,5.0
37566414,B00C537LWA,1432849357000,5.0
37566414,B00C53706M,1432849367000,5.0
37572057,B005LQ83EI,1358645597000,5.0
37572057,B00316263Y,1358645618000,5.0
37659698,B00DQOAGVA,1441388726000,5.0
37659698,B00DQOAEWG,1441388728000,5.0
37839468,B0009K50TC,1455396490000,5.0
37839468,B0009K9Q1A,1455396495000,5.0
37839942,B00FEICWU4,1451606521000,1.0
37839942,B00FEICXEO,1451606557000,1.0
37839942,B00FCCI09O,1451606586000,1.0
37839942,B00FEICW18,1464397196000,1.0
37839943,B00FEICWU4,1451606521000,1.0
37839943,B00FEICXEO,1451606557000,1.0
37839943,B00FCCI09O,1451606586000,1.0
37839943,B00FEICW18,1464397196000,1.0
37898724,B00DMS0GTC,1478698155000,5.0
37898724,B00DMS0LCO,1478698221000,5.0
37898724,B00DMS0KAC,1478698256000,5.0
37905992,B002JXZL1E,1408735990000,1.0
37905992,B003EB0AY8,1408736069000,1.0
37907169,B004G7O1PI,1375551760000,5.0
37907169,B004G3WCNK,1375551768000,5.0
38275011,B008ITQXFQ,1606300865430,5.0
38275011,B008ITRBMA,1606300919987,5.0
38297457,B008UXXORA,1594884425508,5.0
38297457,B008UXXR0Y,1594884460086,5.0
38336872,B00LGYOU7S,1467232233000,5.0
38336872,B00LGYP0HM,1467232234000,5.0
38336872,B00LGYPK2C,1467232235000,5.0
38336873,B00LGYOU7S,1467232233000,5.0
38336873,B00LGYP0HM,1467232234000,5.0
38336873,B00LGYPK2C,1467232235000,5.0
38565863,B07JGKH6GR,1561523761476,5.0
38565863,B07JH9M4RS,1561523772365,5.0
38971257,B000E8ZVOS,1392109717000,5.0
38971257,B000DZXITC,1392109748000,5.0
39257589,B001DIAXIM,1362153892000,5.0
39257589,B001DI65AM,1362154039000,5.0
39257589,B001DI98PQ,1362154063000,5.0
39360921,B007K3TK4W,1464875801000,5.0
39360921,B009QXFFYS,1464875807000,5.0
39613118,B004B9WPLS,1429999225000,5.0
39613118,B0056EJZ10,1429999287000,5.0
