yr,MIXED,NEGATIVE,NEUTRAL,NO_MAJORITY,POSITIVE,UNCLEAR
2013,0.3297,0.489,0.0879,0.0275,0.0659,0.0
2014,0.3187,0.5,0.0769,0.0385,0.0659,0.0
2015,0.3242,0.4396,0.1319,0.0495,0.0549,0.0
2016,0.3187,0.5,0.0824,0.0549,0.044,0.0
2017,0.2912,0.467,0.1978,0.033,0.0055,0.0055
2018,0.2418,0.5714,0.0989,0.0549,0.0275,0.0055
2019,0.2431,0.6409,0.0387,0.0442,0.0276,0.0055
2020,0.2198,0.6154,0.1099,0.044,0.011,0.0
2021,0.2099,0.663,0.0773,0.0166,0.0331,0.0
2022,0.232,0.6519,0.0718,0.0387,0.0055,0.0
2023,0.3143,0.5371,0.0571,0.0286,0.0629,0.0
