yr,cat,n,share
2013,Computers & Accessories,726177,0.42811
2013,Camera & Photo,218377,0.12874
2013,Television & Video,161065,0.09495
2013,"Headphones, Earbuds & Accessories",117684,0.06938
2013,Portable Audio & Video,108249,0.06382
2013,(other),76552,0.04513
2013,Home Audio,73918,0.04358
2013,(none),73486,0.04332
2013,Car & Vehicle Electronics,44023,0.02595
2013,"GPS, Finders & Accessories",33788,0.01992
2013,Accessories & Supplies,29125,0.01717
2013,Power Accessories,11106,0.00655
2013,Security & Surveillance,9929,0.00585
2013,Electronics Warranties,5305,0.00313
2013,Video Projectors,4100,0.00242
2013,Wearable Technology,3347,0.00197
2014,Computers & Accessories,1080248,0.4405
2014,Camera & Photo,301045,0.12276
2014,Television & Video,234696,0.0957
2014,"Headphones, Earbuds & Accessories",180293,0.07352
2014,Portable Audio & Video,136793,0.05578
2014,Home Audio,110684,0.04513
2014,(none),100101,0.04082
2014,(other),90472,0.03689
2014,Car & Vehicle Electronics,68607,0.02798
2014,Accessories & Supplies,47852,0.01951
2014,"GPS, Finders & Accessories",40156,0.01637
2014,Power Accessories,18210,0.00743
2014,Security & Surveillance,17816,0.00726
2014,Electronics Warranties,9546,0.00389
2014,Wearable Technology,8281,0.00338
2014,Video Projectors,7514,0.00306
2015,Computers & Accessories,1476409,0.43791
2015,Camera & Photo,380007,0.11271
2015,Television & Video,311663,0.09244
2015,"Headphones, Earbuds & Accessories",255196,0.07569
2015,(none),172919,0.05129
2015,Portable Audio & Video,169660,0.05032
2015,Home Audio,152814,0.04532
2015,(other),119961,0.03558
2015,Car & Vehicle Electronics,105261,0.03122
2015,Accessories & Supplies,72791,0.02159
2015,"GPS, Finders & Accessories",47150,0.01398
2015,Security & Surveillance,30529,0.00905
2015,Power Accessories,26003,0.00771
2015,Wearable Technology,24886,0.00738
2015,Electronics Warranties,15149,0.00449
2015,Video Projectors,11127,0.0033
2016,Computers & Accessories,1560674,0.41967
2016,Camera & Photo,390838,0.1051
2016,(none),329067,0.08849
2016,Television & Video,317904,0.08549
2016,"Headphones, Earbuds & Accessories",282244,0.0759
2016,Portable Audio & Video,184879,0.04971
2016,Home Audio,166136,0.04467
2016,Car & Vehicle Electronics,115089,0.03095
2016,(other),97524,0.02622
2016,Accessories & Supplies,88123,0.0237
2016,"GPS, Finders & Accessories",51757,0.01392
2016,Security & Surveillance,41390,0.01113
2016,Wearable Technology,38248,0.01028
2016,Power Accessories,27892,0.0075
2016,Electronics Warranties,16234,0.00437
2016,Video Projectors,10818,0.00291
2017,Computers & Accessories,1481780,0.39483
2017,(none),453333,0.12079
2017,Camera & Photo,387602,0.10328
2017,Television & Video,297994,0.0794
2017,"Headphones, Earbuds & Accessories",289485,0.07714
2017,Portable Audio & Video,187985,0.05009
2017,Home Audio,157561,0.04198
2017,Car & Vehicle Electronics,106093,0.02827
2017,Accessories & Supplies,94396,0.02515
2017,(other),85385,0.02275
2017,Security & Surveillance,51975,0.01385
2017,Wearable Technology,49671,0.01324
2017,"GPS, Finders & Accessories",49025,0.01306
2017,Power Accessories,30117,0.00802
2017,Electronics Warranties,19767,0.00527
2017,Video Projectors,10787,0.00287
2018,Computers & Accessories,1526029,0.39432
2018,(none),500969,0.12945
2018,Camera & Photo,366207,0.09463
2018,Television & Video,297761,0.07694
2018,"Headphones, Earbuds & Accessories",290290,0.07501
2018,Portable Audio & Video,188770,0.04878
2018,Home Audio,160845,0.04156
2018,Car & Vehicle Electronics,114533,0.02959
2018,Accessories & Supplies,113169,0.02924
2018,(other),73881,0.01909
2018,Wearable Technology,67547,0.01745
2018,Security & Surveillance,52027,0.01344
2018,"GPS, Finders & Accessories",42943,0.0111
2018,Power Accessories,34865,0.00901
2018,Electronics Warranties,29386,0.00759
2018,Video Projectors,10843,0.0028
2019,Computers & Accessories,1887560,0.38401
2019,(none),625743,0.1273
2019,"Headphones, Earbuds & Accessories",457691,0.09311
2019,Camera & Photo,445574,0.09065
2019,Television & Video,368091,0.07488
2019,Portable Audio & Video,244749,0.04979
2019,Home Audio,178862,0.03639
2019,Car & Vehicle Electronics,159223,0.03239
2019,Accessories & Supplies,148818,0.03028
2019,Wearable Technology,94939,0.01931
2019,(other),81092,0.0165
2019,Security & Surveillance,68618,0.01396
2019,"GPS, Finders & Accessories",53512,0.01089
2019,Power Accessories,44716,0.0091
2019,Electronics Warranties,40009,0.00814
2019,Video Projectors,16244,0.0033
2020,Computers & Accessories,2277807,0.40213
2020,(none),738513,0.13038
2020,"Headphones, Earbuds & Accessories",615553,0.10867
2020,Camera & Photo,451404,0.07969
2020,Television & Video,391765,0.06916
2020,Portable Audio & Video,265036,0.04679
2020,Home Audio,198629,0.03507
2020,Accessories & Supplies,173261,0.03059
2020,Car & Vehicle Electronics,143216,0.02528
2020,Wearable Technology,114175,0.02016
2020,(other),79594,0.01405
2020,Security & Surveillance,69936,0.01235
2020,"GPS, Finders & Accessories",49417,0.00872
2020,Video Projectors,33818,0.00597
2020,Power Accessories,32847,0.0058
2020,Electronics Warranties,29376,0.00519
2021,Computers & Accessories,2127172,0.39568
2021,"Headphones, Earbuds & Accessories",610858,0.11363
2021,(none),586466,0.10909
2021,Camera & Photo,452942,0.08425
2021,Television & Video,392660,0.07304
2021,Portable Audio & Video,265024,0.0493
2021,Home Audio,194491,0.03618
2021,Accessories & Supplies,171358,0.03187
2021,Car & Vehicle Electronics,163578,0.03043
2021,Wearable Technology,126132,0.02346
2021,(other),67996,0.01265
2021,Security & Surveillance,63847,0.01188
2021,"GPS, Finders & Accessories",58425,0.01087
2021,Video Projectors,36122,0.00672
2021,Power Accessories,29828,0.00555
2021,Electronics Warranties,29117,0.00542
2022,Computers & Accessories,1743877,0.38962
2022,"Headphones, Earbuds & Accessories",580855,0.12977
2022,(none),395653,0.0884
2022,Camera & Photo,376863,0.0842
2022,Television & Video,318825,0.07123
2022,Portable Audio & Video,214747,0.04798
2022,Home Audio,154989,0.03463
2022,Car & Vehicle Electronics,154426,0.0345
2022,Accessories & Supplies,151001,0.03374
2022,Wearable Technology,129715,0.02898
2022,"GPS, Finders & Accessories",54745,0.01223
2022,(other),53850,0.01203
2022,Security & Surveillance,51116,0.01142
2022,Video Projectors,32296,0.00722
2022,Electronics Warranties,32294,0.00722
2022,Power Accessories,30638,0.00685
2023,Computers & Accessories,753459,0.39976
2023,"Headphones, Earbuds & Accessories",263854,0.13999
2023,Camera & Photo,179626,0.0953
2023,Television & Video,124548,0.06608
2023,(none),112318,0.05959
2023,Portable Audio & Video,84083,0.04461
2023,Car & Vehicle Electronics,75997,0.04032
2023,Home Audio,65056,0.03452
2023,Accessories & Supplies,61156,0.03245
2023,Wearable Technology,57938,0.03074
2023,"GPS, Finders & Accessories",24317,0.0129
2023,(other),22996,0.0122
2023,Security & Surveillance,21208,0.01125
2023,Video Projectors,15726,0.00834
2023,Power Accessories,13027,0.00691
2023,Electronics Warranties,9481,0.00503
