yr,cat,n,star3_share,neg_share
2013,(none),73486,0.08451,0.13204
2013,(other),76552,0.08693,0.14581
2013,Accessories & Supplies,29125,0.07341,0.1222
2013,Camera & Photo,218377,0.08304,0.12145
2013,Car & Vehicle Electronics,44023,0.0885,0.15805
2013,Computers & Accessories,726177,0.07743,0.14246
2013,Electronics Warranties,5305,0.09934,0.11612
2013,"GPS, Finders & Accessories",33788,0.08719,0.15269
2013,"Headphones, Earbuds & Accessories",117684,0.1009,0.17114
2013,Home Audio,73918,0.07727,0.146
2013,Portable Audio & Video,108249,0.09592,0.17337
2013,Power Accessories,11106,0.06537,0.15244
2013,Security & Surveillance,9929,0.099,0.19045
2013,Television & Video,161065,0.07349,0.15043
2013,Video Projectors,4100,0.07488,0.15268
2013,Wearable Technology,3347,0.06603,0.13146
2014,(none),100101,0.08481,0.14766
2014,(other),90472,0.08226,0.14419
2014,Accessories & Supplies,47852,0.06863,0.12156
2014,Camera & Photo,301045,0.07696,0.11729
2014,Car & Vehicle Electronics,68607,0.08314,0.16079
2014,Computers & Accessories,1080248,0.07144,0.14125
2014,Electronics Warranties,9546,0.10926,0.16101
2014,"GPS, Finders & Accessories",40156,0.07842,0.14974
2014,"Headphones, Earbuds & Accessories",180293,0.09749,0.17584
2014,Home Audio,110684,0.0731,0.14902
2014,Portable Audio & Video,136793,0.08683,0.17567
2014,Power Accessories,18210,0.06052,0.14503
2014,Security & Surveillance,17816,0.08762,0.1731
2014,Television & Video,234696,0.06878,0.14823
2014,Video Projectors,7514,0.07386,0.16303
2014,Wearable Technology,8281,0.08864,0.20058
2015,(none),172919,0.07706,0.1444
2015,(other),119961,0.07125,0.14183
2015,Accessories & Supplies,72791,0.06372,0.11191
2015,Camera & Photo,380007,0.07361,0.12451
2015,Car & Vehicle Electronics,105261,0.07923,0.17167
2015,Computers & Accessories,1476409,0.06494,0.13838
2015,Electronics Warranties,15149,0.09921,0.16674
2015,"GPS, Finders & Accessories",47150,0.07198,0.15046
2015,"Headphones, Earbuds & Accessories",255196,0.08827,0.17588
2015,Home Audio,152814,0.0681,0.14603
2015,Portable Audio & Video,169660,0.08067,0.17721
2015,Power Accessories,26003,0.05153,0.14352
2015,Security & Surveillance,30529,0.08264,0.18068
2015,Television & Video,311663,0.06533,0.14967
2015,Video Projectors,11127,0.08061,0.18523
2015,Wearable Technology,24886,0.08893,0.2184
2016,(none),329067,0.07525,0.14693
2016,(other),97524,0.07035,0.15509
2016,Accessories & Supplies,88123,0.05739,0.10522
2016,Camera & Photo,390838,0.07133,0.13064
2016,Car & Vehicle Electronics,115089,0.07699,0.17947
2016,Computers & Accessories,1560674,0.06074,0.14044
2016,Electronics Warranties,16234,0.08236,0.19317
2016,"GPS, Finders & Accessories",51757,0.07128,0.16653
2016,"Headphones, Earbuds & Accessories",282244,0.0839,0.1854
2016,Home Audio,166136,0.06212,0.14695
2016,Portable Audio & Video,184879,0.0732,0.17066
2016,Power Accessories,27892,0.04984,0.14406
2016,Security & Surveillance,41390,0.07473,0.17973
2016,Television & Video,317904,0.06203,0.15031
2016,Video Projectors,10818,0.07598,0.18016
2016,Wearable Technology,38248,0.0839,0.20929
2017,(none),453333,0.07136,0.1537
2017,(other),85385,0.06569,0.16735
2017,Accessories & Supplies,94396,0.05595,0.1105
2017,Camera & Photo,387602,0.06952,0.14612
2017,Car & Vehicle Electronics,106093,0.07606,0.20328
2017,Computers & Accessories,1481780,0.05918,0.15378
2017,Electronics Warranties,19767,0.08509,0.20954
2017,"GPS, Finders & Accessories",49025,0.06966,0.19755
2017,"Headphones, Earbuds & Accessories",289485,0.08022,0.2097
2017,Home Audio,157561,0.06258,0.16502
2017,Portable Audio & Video,187985,0.06879,0.17799
2017,Power Accessories,30117,0.04745,0.15812
2017,Security & Surveillance,51975,0.0688,0.20377
2017,Television & Video,297994,0.05946,0.17253
2017,Video Projectors,10787,0.07676,0.20219
2017,Wearable Technology,49671,0.07749,0.19194
2018,(none),500969,0.07119,0.16142
2018,(other),73881,0.06329,0.16535
2018,Accessories & Supplies,113169,0.05084,0.11729
2018,Camera & Photo,366207,0.06705,0.1598
2018,Car & Vehicle Electronics,114533,0.06952,0.20725
2018,Computers & Accessories,1526029,0.05598,0.1609
2018,Electronics Warranties,29386,0.06554,0.22068
2018,"GPS, Finders & Accessories",42943,0.07068,0.21687
2018,"Headphones, Earbuds & Accessories",290290,0.08191,0.23123
2018,Home Audio,160845,0.05862,0.16945
2018,Portable Audio & Video,188770,0.06443,0.18506
2018,Power Accessories,34865,0.04325,0.17063
2018,Security & Surveillance,52027,0.06977,0.22558
2018,Television & Video,297761,0.0552,0.17981
2018,Video Projectors,10843,0.07212,0.19847
2018,Wearable Technology,67547,0.07247,0.17715
2019,(none),625743,0.05878,0.14903
2019,(other),81092,0.05262,0.15036
2019,Accessories & Supplies,148818,0.04256,0.10705
2019,Camera & Photo,445574,0.05578,0.14592
2019,Car & Vehicle Electronics,159223,0.06118,0.18189
2019,Computers & Accessories,1887560,0.04909,0.15116
2019,Electronics Warranties,40009,0.05096,0.18051
2019,"GPS, Finders & Accessories",53512,0.0584,0.18867
2019,"Headphones, Earbuds & Accessories",457691,0.0719,0.19767
2019,Home Audio,178862,0.05203,0.15681
2019,Portable Audio & Video,244749,0.05868,0.16189
2019,Power Accessories,44716,0.03542,0.15037
2019,Security & Surveillance,68618,0.05676,0.19496
2019,Television & Video,368091,0.04657,0.1611
2019,Video Projectors,16244,0.05978,0.16357
2019,Wearable Technology,94939,0.06915,0.18007
2020,(none),738513,0.06029,0.15404
2020,(other),79594,0.05749,0.1617
2020,Accessories & Supplies,173261,0.04779,0.12331
2020,Camera & Photo,451404,0.05951,0.15932
2020,Car & Vehicle Electronics,143216,0.06297,0.19755
2020,Computers & Accessories,2277807,0.05534,0.17721
2020,Electronics Warranties,29376,0.04984,0.2374
2020,"GPS, Finders & Accessories",49417,0.06212,0.21126
2020,"Headphones, Earbuds & Accessories",615553,0.07248,0.18871
2020,Home Audio,198629,0.05601,0.1726
2020,Portable Audio & Video,265036,0.06104,0.17294
2020,Power Accessories,32847,0.03949,0.17265
2020,Security & Surveillance,69936,0.06031,0.19559
2020,Television & Video,391765,0.04959,0.17237
2020,Video Projectors,33818,0.04702,0.11964
2020,Wearable Technology,114175,0.07425,0.19986
2021,(none),586466,0.06721,0.20049
2021,(other),67996,0.05928,0.16955
2021,Accessories & Supplies,171358,0.05139,0.14155
2021,Camera & Photo,452942,0.06309,0.18546
2021,Car & Vehicle Electronics,163578,0.06775,0.23163
2021,Computers & Accessories,2127172,0.0601,0.19822
2021,Electronics Warranties,29117,0.04537,0.21637
2021,"GPS, Finders & Accessories",58425,0.06718,0.22343
2021,"Headphones, Earbuds & Accessories",610858,0.08021,0.23017
2021,Home Audio,194491,0.06261,0.19714
2021,Portable Audio & Video,265024,0.06677,0.19289
2021,Power Accessories,29828,0.04325,0.21466
2021,Security & Surveillance,63847,0.06713,0.2222
2021,Television & Video,392660,0.05402,0.20001
2021,Video Projectors,36122,0.05199,0.14396
2021,Wearable Technology,126132,0.08521,0.24315
2022,(none),395653,0.07247,0.23488
2022,(other),53850,0.06743,0.18906
2022,Accessories & Supplies,151001,0.05709,0.15465
2022,Camera & Photo,376863,0.06646,0.20291
2022,Car & Vehicle Electronics,154426,0.07288,0.24348
2022,Computers & Accessories,1743877,0.06517,0.2134
2022,Electronics Warranties,32294,0.03731,0.17598
2022,"GPS, Finders & Accessories",54745,0.06919,0.24393
2022,"Headphones, Earbuds & Accessories",580855,0.08445,0.2373
2022,Home Audio,154989,0.06822,0.21423
2022,Portable Audio & Video,214747,0.07296,0.21459
2022,Power Accessories,30638,0.04667,0.2336
2022,Security & Surveillance,51116,0.06939,0.25855
2022,Television & Video,318825,0.05912,0.22392
2022,Video Projectors,32296,0.06075,0.17169
2022,Wearable Technology,129715,0.0913,0.26369
2023,(none),112318,0.07353,0.26263
2023,(other),22996,0.06375,0.19334
2023,Accessories & Supplies,61156,0.05329,0.15457
2023,Camera & Photo,179626,0.06043,0.17983
2023,Car & Vehicle Electronics,75997,0.06954,0.22904
2023,Computers & Accessories,753459,0.06223,0.20196
2023,Electronics Warranties,9481,0.03238,0.1792
2023,"GPS, Finders & Accessories",24317,0.06917,0.24226
2023,"Headphones, Earbuds & Accessories",263854,0.07481,0.20679
2023,Home Audio,65056,0.06528,0.19792
2023,Portable Audio & Video,84083,0.06898,0.20203
2023,Power Accessories,13027,0.04752,0.22615
2023,Security & Surveillance,21208,0.06531,0.23953
2023,Television & Video,124548,0.05837,0.22529
2023,Video Projectors,15726,0.04858,0.14129
2023,Wearable Technology,57938,0.08495,0.24478
