seed,test_set,macro_f1
42,2013-2016_holdout,0.6927
42,2017_matched,0.7043
42,2017_natural,0.7047
42,2018_matched,0.6905
42,2018_natural,0.6909
42,2019_matched,0.6712
42,2019_natural,0.6731
42,2020_matched,0.6754
42,2020_natural,0.679
42,2021_matched,0.6655
42,2021_natural,0.6744
42,2022_matched,0.6545
42,2022_natural,0.667
42,2023_matched,0.6642
42,2023_natural,0.6711
43,2013-2016_holdout,0.6948
43,2017_matched,0.7016
43,2017_natural,0.7072
43,2018_matched,0.6835
43,2018_natural,0.6884
43,2019_matched,0.6725
43,2019_natural,0.6729
43,2020_matched,0.6701
43,2020_natural,0.675
43,2021_matched,0.6667
43,2021_natural,0.6727
43,2022_matched,0.6593
43,2022_natural,0.6718
43,2023_matched,0.6626
43,2023_natural,0.6766
44,2013-2016_holdout,0.697
44,2017_matched,0.7013
44,2017_natural,0.7017
44,2018_matched,0.6873
44,2018_natural,0.6896
44,2019_matched,0.6761
44,2019_natural,0.67
44,2020_matched,0.673
44,2020_natural,0.6707
44,2021_matched,0.6659
44,2021_natural,0.6803
44,2022_matched,0.6558
44,2022_natural,0.6722
44,2023_matched,0.6637
44,2023_natural,0.6695
